Mooring Name,Latitude,Longitude,Date,Time,xCO2 SW (wet) (umol/mol),CO2 SW QF,H2O SW (mmol/mol),xCO2 Air (wet) (umol/mol),CO2 Air QF,H2O Air (mmol/mol),Licor Atm Pressure (hPa),Licor Temp (C),MAPCO2 %O2,SST_C,Salinity,xCO2 SW (dry) (umol/mol),xCO2 Air (dry) (umol/mol),fCO2 SW (sat) uatm,fCO2 Air (sat) uatm,dfCO2,pCO2_SW_uatm,pCO2 Air (sat) uatm,dpCO2
HOG_REEF_64W_32N,32.457,-64.824,7/23/2014,3:17,459.9,2,7.09,396.2,2,6.64,1022.7,28.5,99.92,27.823,36.601,463.2,398.9,449.4,386.9,62.5,450.8,388.1,62.6
HOG_REEF_64W_32N,32.457,-64.824,7/23/2014,6:17,480,2,7.41,396,2,6.95,1021.3,28.1,99.31,27.817,36.599,483.5,398.7,468.4,386.3,82.1,469.9,387.5,82.4
HOG_REEF_64W_32N,32.457,-64.824,7/23/2014,9:17,504.5,2,7.43,395.9,2,6.97,1021.6,27.9,97.67,27.645,36.601,508.3,398.7,492.7,386.5,106.2,494.3,387.7,106.6
HOG_REEF_64W_32N,32.457,-64.824,7/23/2014,12:17,503.9,2,7.75,395.7,2,7.19,1022.3,27.9,96.37,27.53,36.603,507.9,398.6,492.8,386.7,106,494.3,388,106.4
HOG_REEF_64W_32N,32.457,-64.824,7/23/2014,15:17,506.3,2,7.75,395.7,2,7.13,1022,28.7,96.39,27.778,36.604,510.3,398.5,494.8,386.4,108.4,496.3,387.6,108.7
HOG_REEF_64W_32N,32.457,-64.824,7/23/2014,18:17,487.8,2,7.91,395.6,2,7.2,1021.5,29.5,97.34,28.027,36.604,491.7,398.5,476.2,385.9,90.3,477.7,387.1,90.6
HOG_REEF_64W_32N,32.457,-64.824,7/23/2014,21:17,452.1,2,7.83,395.7,2,7.26,1021,29.7,98.84,27.89,36.599,455.7,398.5,441.3,385.9,55.3,442.6,387.1,55.5
HOG_REEF_64W_32N,32.457,-64.824,7/24/2014,0:17,456.7,2,7.51,395.9,2,6.94,1021.6,29.3,99.3,27.802,36.599,460.1,398.6,445.9,386.3,59.6,447.3,387.5,59.8
HOG_REEF_64W_32N,32.457,-64.824,7/24/2014,3:17,476.3,2,7.46,396.1,2,6.88,1021.5,28.7,98.89,27.837,36.605,479.9,398.8,465,386.4,78.6,466.4,387.6,78.8
HOG_REEF_64W_32N,32.457,-64.824,7/24/2014,6:17,492.3,2,7.48,396,2,6.9,1020.4,28.3,98.27,27.858,36.604,496,398.7,480.1,385.9,94.2,481.6,387.1,94.5
HOG_REEF_64W_32N,32.457,-64.824,7/24/2014,9:17,516.5,2,7.35,395.9,2,6.81,1020.4,28,96.65,27.705,36.607,520.3,398.7,503.7,385.9,117.8,505.2,387.1,118.1
HOG_REEF_64W_32N,32.457,-64.824,7/24/2014,12:17,516.4,2,7.94,395.4,2,7.21,1021,28,95.43,27.575,36.602,520.5,398.3,504.3,386,118.4,505.9,387.2,118.8
HOG_REEF_64W_32N,32.457,-64.824,7/24/2014,15:17,501.6,2,7.94,395.5,2,7.02,1021.3,28.6,96.06,27.809,36.608,505.6,398.3,489.8,385.8,104,491.4,387,104.3
HOG_REEF_64W_32N,32.457,-64.824,7/24/2014,18:17,479.1,2,8.07,395.7,2,6.97,1020.6,29.2,97.8,28.044,36.614,483,398.5,467.4,385.5,81.9,468.8,386.7,82.1
HOG_REEF_64W_32N,32.457,-64.824,7/24/2014,21:17,445.1,2,7.63,395.8,2,6.82,1019.8,29.5,99.81,27.942,36.614,448.6,398.5,433.8,385.4,48.4,435.1,386.6,48.5
HOG_REEF_64W_32N,32.457,-64.824,7/25/2014,0:17,456.6,2,7.66,395.6,2,7.04,1020.4,29.1,100.04,27.766,36.611,460.2,398.4,445.4,385.7,59.8,446.8,386.9,60
HOG_REEF_64W_32N,32.457,-64.824,7/25/2014,3:17,481.7,2,7.69,395.8,2,7.11,1020.6,28.6,98.93,27.681,36.611,485.4,398.6,470,386,84,471.5,387.2,84.3
HOG_REEF_64W_32N,32.457,-64.824,7/25/2014,6:17,492.2,2,7.61,395.7,2,7.1,1019.7,28.4,97.82,27.611,36.614,496,398.5,479.9,385.6,94.3,481.4,386.8,94.6
HOG_REEF_64W_32N,32.457,-64.824,7/25/2014,9:17,514,2,7.61,395.3,2,7.12,1019.7,28.2,96.52,27.57,36.615,518,398.1,501.2,385.3,116,502.8,386.5,116.3
HOG_REEF_64W_32N,32.457,-64.824,7/25/2014,12:17,496.2,2,7.58,395.6,2,7.09,1021.6,28.1,96.13,27.449,36.613,500,398.5,484.9,386.4,98.4,486.4,387.6,98.7
HOG_REEF_64W_32N,32.457,-64.824,7/25/2014,15:17,468.6,2,7.83,395.4,2,7.17,1021.5,27.9,98.72,27.422,36.613,472.4,398.2,458.1,386.2,71.9,459.5,387.4,72.1
HOG_REEF_64W_32N,32.457,-64.824,7/25/2014,18:17,450.7,2,7.44,395.5,2,6.89,1020,28.1,99.4,27.475,36.612,454.1,398.3,439.7,385.6,54.1,441.1,386.8,54.2
HOG_REEF_64W_32N,32.457,-64.824,7/25/2014,21:17,437.5,2,7.89,395.2,2,7.29,1019.3,28.1,100.23,27.464,36.619,441,398.1,426.7,385.2,41.5,428,386.4,41.6
HOG_REEF_64W_32N,32.457,-64.824,7/26/2014,0:17,443.7,2,7.58,394.8,2,7.08,1020.5,28.2,99.8,27.347,36.63,447.1,397.6,433.2,385.2,48,434.6,386.4,48.2
HOG_REEF_64W_32N,32.457,-64.824,7/26/2014,3:17,458.3,2,7.34,395.5,2,6.83,1019.5,28,98.93,27.269,36.633,461.7,398.2,447,385.5,61.5,448.4,386.7,61.7
HOG_REEF_64W_32N,32.457,-64.824,7/26/2014,6:17,487.3,2,7.59,395,2,7.12,1019.3,27.8,97.5,27.257,36.635,491,397.9,475.3,385.1,90.1,476.8,386.3,90.4
HOG_REEF_64W_32N,32.457,-64.824,7/26/2014,9:17,502.3,2,7.52,395.4,2,7,1019,27.8,97.16,27.228,36.637,506.1,398.2,489.7,385.3,104.4,491.3,386.5,104.7
HOG_REEF_64W_32N,32.457,-64.824,7/26/2014,12:17,494.2,2,7.91,395.5,2,7.31,1020.1,27.8,97.27,27.189,36.637,498.2,398.4,482.6,386,96.7,484.2,387.2,97
HOG_REEF_64W_32N,32.457,-64.824,7/26/2014,15:17,466.4,2,7.58,394.9,2,7.07,1020.5,28,97.17,27.197,36.622,470,397.7,455.5,385.5,70,457,386.7,70.2
HOG_REEF_64W_32N,32.457,-64.824,7/26/2014,18:17,466.1,2,7.32,395.7,2,6.7,1020.3,28.1,97.74,27.309,36.627,469.5,398.4,454.9,385.9,69,456.3,387.1,69.2
HOG_REEF_64W_32N,32.457,-64.824,7/26/2014,21:17,477.7,2,7.43,395.8,2,6.88,1019.2,28,98.13,27.334,36.581,481.3,398.6,465.7,385.7,80,467.2,386.9,80.3
HOG_REEF_64W_32N,32.457,-64.824,7/27/2014,0:17,462.6,2,7.43,395.8,2,6.88,1019.7,27.9,98.74,27.345,36.606,466,398.5,451.2,385.8,65.3,452.6,387,65.5
HOG_REEF_64W_32N,32.457,-64.824,7/27/2014,3:17,467.9,2,7.45,395.5,2,6.99,1020,27.8,98.4,27.289,36.611,471.4,398.3,456.6,385.8,70.8,458,387,71
HOG_REEF_64W_32N,32.457,-64.824,7/27/2014,6:17,493.8,2,7.48,395.5,2,7,1018.8,27.7,97,27.255,36.615,497.6,398.3,481.4,385.3,96,482.9,386.5,96.3
HOG_REEF_64W_32N,32.457,-64.824,7/27/2014,9:17,505.1,2,7.51,395.5,2,6.98,1018.6,27.6,95.73,27.232,36.621,508.9,398.3,492.2,385.3,107,493.8,386.5,107.3
HOG_REEF_64W_32N,32.457,-64.824,7/27/2014,12:17,506.4,2,7.66,394.6,2,7.22,1019,27.6,94.93,27.204,36.596,510.3,397.5,493.9,384.7,109.2,495.4,385.9,109.5
HOG_REEF_64W_32N,32.457,-64.824,7/27/2014,15:17,474.6,2,8.14,394.2,2,7.59,1019.4,27.8,95.84,27.318,36.598,478.5,397.2,463.2,384.5,78.7,464.6,385.7,79
HOG_REEF_64W_32N,32.457,-64.824,7/27/2014,18:17,473.2,2,7.69,395.7,2,7.09,1019.4,28.2,98.92,27.383,36.593,476.9,398.5,461.5,385.6,75.9,463,386.9,76.1
HOG_REEF_64W_32N,32.457,-64.824,7/27/2014,21:17,466.6,2,7.61,394.9,2,7.03,1019.7,28.1,99.48,27.439,36.583,470.2,397.7,455.1,384.9,70.2,456.6,386.1,70.4
HOG_REEF_64W_32N,32.457,-64.824,7/28/2014,0:17,461.2,2,7.34,394.8,2,6.84,1019.7,27.9,99.27,27.285,36.593,464.6,397.5,449.8,384.9,64.9,451.2,386.1,65.1
HOG_REEF_64W_32N,32.457,-64.824,7/28/2014,3:17,481.1,2,7.49,394.5,2,6.94,1019.9,27.6,98.03,27.193,36.598,484.8,397.3,469.6,384.8,84.7,471,386,85
HOG_REEF_64W_32N,32.457,-64.824,7/28/2014,6:17,497,2,7.4,394.8,2,6.88,1018.7,27.5,96.73,27.107,36.598,500.7,397.6,484.5,384.7,99.8,486,385.9,100.1
HOG_REEF_64W_32N,32.457,-64.824,7/28/2014,9:17,508,2,7.45,394.3,2,6.95,1019,27.4,96.18,27.04,36.602,511.8,397.1,495.5,384.4,111.1,497,385.6,111.4
HOG_REEF_64W_32N,32.457,-64.824,7/28/2014,12:17,526,2,7.96,393.7,2,7.49,1019.8,27.5,96.1,27.023,36.601,530.2,396.7,513.7,384.4,129.3,515.3,385.6,129.7
HOG_REEF_64W_32N,32.457,-64.824,7/28/2014,15:17,500.1,2,7.95,393.4,2,7.31,1020.6,27.9,96.29,27.206,36.591,504.1,396.3,488.6,384.1,104.5,490.1,385.4,104.8
HOG_REEF_64W_32N,32.457,-64.824,7/28/2014,18:17,475.8,2,8.18,393.4,2,7.39,1020.4,28.5,97.62,27.415,36.596,479.7,396.3,464.7,383.9,80.8,466.1,385.1,81
HOG_REEF_64W_32N,32.457,-64.824,7/28/2014,21:17,461,2,8.33,393.6,2,7.45,1019.3,29,99.21,27.521,36.599,464.8,396.5,449.7,383.6,66.1,451.1,384.8,66.3
HOG_REEF_64W_32N,32.457,-64.824,7/29/2014,0:17,452.1,2,7.68,394.4,2,7.07,1020,28.9,99.78,27.431,36.604,455.6,397.3,441.2,384.7,56.5,442.5,385.9,56.7
HOG_REEF_64W_32N,32.457,-64.824,7/29/2014,3:17,474.1,2,7.65,394.4,2,7.09,1020.4,28.4,98.6,27.279,36.605,477.8,397.3,463,384.9,78,464.4,386.1,78.3
HOG_REEF_64W_32N,32.457,-64.824,7/29/2014,6:17,491.6,2,7.6,394.4,2,7.07,1019.5,28.1,97.27,27.213,36.605,495.4,397.2,479.7,384.6,95.1,481.2,385.8,95.4
HOG_REEF_64W_32N,32.457,-64.824,7/29/2014,9:17,481,2,7.49,394.4,2,6.92,1020.1,27.9,97.34,27.297,36.603,484.6,397.2,469.4,384.8,84.7,470.9,386,84.9
HOG_REEF_64W_32N,32.457,-64.824,7/29/2014,12:17,481.8,2,8.19,393.9,2,7.53,1020.9,27.8,97.65,27.344,36.603,485.8,396.9,470.9,384.7,86.1,472.4,386,86.4
HOG_REEF_64W_32N,32.457,-64.824,7/29/2014,15:17,492.8,2,8.37,394.7,2,7.46,1021.4,28.3,97.52,27.352,36.606,497,397.6,482,385.6,96.4,483.5,386.8,96.7
HOG_REEF_64W_32N,32.457,-64.824,7/29/2014,18:17,484.8,2,8.58,394.2,2,7.5,1021.3,29.1,97.88,27.498,36.602,489,397.2,474.1,385.1,89,475.6,386.3,89.3
HOG_REEF_64W_32N,32.457,-64.824,7/29/2014,21:17,452.6,2,8.82,394.8,2,7.68,1020.9,29.7,100.29,27.799,36.609,456.6,397.9,442.2,385.3,56.8,443.5,386.5,57
HOG_REEF_64W_32N,32.457,-64.824,7/30/2014,0:17,466.1,2,7.95,395.4,2,7.25,1021.6,29.6,100.97,27.701,36.607,469.9,398.3,455.4,386,69.4,456.9,387.2,69.6
HOG_REEF_64W_32N,32.457,-64.824,7/30/2014,3:17,478.2,2,7.84,395.4,2,7.23,1021.9,29.1,100.37,27.551,36.603,482,398.3,467.5,386.3,81.2,469,387.5,81.5
HOG_REEF_64W_32N,32.457,-64.824,7/30/2014,6:17,490.5,2,7.85,395.5,2,7.29,1021.3,28.6,99.38,27.488,36.604,494.4,398.4,479.3,386.2,93.1,480.8,387.4,93.4
HOG_REEF_64W_32N,32.457,-64.824,7/30/2014,9:17,501.6,2,7.74,394.1,2,7.19,1021,28.3,98.54,27.562,36.616,505.6,396.9,489.9,384.6,105.3,491.4,385.8,105.6
HOG_REEF_64W_32N,32.457,-64.824,7/30/2014,12:17,506.5,2,8.37,393.5,2,7.66,1022.1,28.2,97.78,27.493,36.613,510.8,396.6,495.6,384.8,110.8,497.1,386,111.2
HOG_REEF_64W_32N,32.457,-64.824,7/30/2014,15:17,504,2,8.58,393.3,2,7.66,1022.7,28.7,97.41,27.515,36.607,508.4,396.4,493.5,384.8,108.7,495.1,386,109.1
HOG_REEF_64W_32N,32.457,-64.824,7/30/2014,18:17,474.6,2,9.03,392.9,2,7.86,1022.5,29.8,98.3,27.549,36.595,479,396,464.8,384.3,80.5,466.3,385.5,80.8
HOG_REEF_64W_32N,32.457,-64.824,7/30/2014,21:17,467.6,2,9.15,393,2,7.86,1022.3,30.7,99.83,27.767,36.603,472,396.1,457.7,384.1,73.6,459.2,385.3,73.8
HOG_REEF_64W_32N,32.457,-64.824,7/31/2014,0:17,476.4,2,8.12,393.5,2,7.28,1022.9,30.5,100.55,27.909,36.615,480.3,396.4,466,384.6,81.4,467.5,385.8,81.7
HOG_REEF_64W_32N,32.457,-64.824,7/31/2014,3:17,503.5,2,7.99,393.8,2,7.34,1022.5,29.6,99.65,27.812,36.617,507.6,396.7,492.3,384.8,107.5,493.8,386,107.8
HOG_REEF_64W_32N,32.457,-64.824,7/31/2014,6:17,527.6,2,7.88,392.6,2,7.3,1021.7,29,98.05,27.725,36.622,531.8,395.5,515.5,383.4,132.1,517.1,384.6,132.5
HOG_REEF_64W_32N,32.457,-64.824,7/31/2014,9:17,515.3,2,7.7,391,2,7.11,1022.3,28.5,97.31,27.695,36.624,519.3,393.9,503.7,382,121.6,505.3,383.2,122
HOG_REEF_64W_32N,32.457,-64.824,7/31/2014,12:17,535,2,8.64,388.8,2,7.87,1023.3,28.4,96.31,27.651,36.625,539.6,391.9,524,380.5,143.5,525.7,381.7,143.9
HOG_REEF_64W_32N,32.457,-64.824,7/31/2014,15:17,545.8,2,8.73,388.8,2,7.59,1023.2,29.5,95.51,27.819,36.628,550.6,391.7,534.4,380.2,154.2,536.1,381.4,154.7
HOG_REEF_64W_32N,32.457,-64.824,7/31/2014,18:17,493.3,2,9.05,388.3,2,7.62,1022.8,30.9,97.15,28.02,36.619,497.8,391.3,482.8,379.5,103.3,484.3,380.7,103.6
HOG_REEF_64W_32N,32.457,-64.824,7/31/2014,21:17,490,2,9.52,389.6,2,8.04,1022.7,31.8,98.98,28.205,36.628,494.7,392.8,479.5,380.7,98.8,481,381.9,99.1
HOG_REEF_64W_32N,32.457,-64.824,8/1/2014,0:17,461.9,2,8.27,391.1,2,7.33,1023.2,31.6,100.87,28.127,36.621,465.7,394,451.8,382.2,69.5,453.2,383.4,69.8
HOG_REEF_64W_32N,32.457,-64.824,8/1/2014,3:17,509.8,2,8.06,394.8,2,7.29,1023.7,30.4,100.22,28.121,36.63,513.9,397.7,498.7,386,112.7,500.3,387.2,113.1
HOG_REEF_64W_32N,32.457,-64.824,8/1/2014,6:17,531.5,2,8.02,394.2,2,7.42,1022.8,29.4,98.96,28.142,36.636,535.8,397.2,519.5,385.1,134.4,521.1,386.3,134.9
HOG_REEF_64W_32N,32.457,-64.824,8/1/2014,9:17,535.7,2,7.76,394.7,2,7.1,1022.3,28.8,97.44,27.997,36.634,539.9,397.6,523.4,385.4,138,525,386.6,138.4
HOG_REEF_64W_32N,32.457,-64.824,8/1/2014,12:17,521.3,2,8.54,394.1,2,7.47,1022.5,28.6,97.1,28.073,36.636,525.8,397,509.8,384.9,124.9,511.4,386.1,125.2
HOG_REEF_64W_32N,32.457,-64.824,8/1/2014,15:17,509.8,2,8.75,393.7,2,7.4,1022.8,29.7,97.46,28.195,36.636,514.3,396.6,498.6,384.5,114.1,500.2,385.7,114.5
HOG_REEF_64W_32N,32.457,-64.824,8/1/2014,18:17,472.9,2,8.53,393.7,2,7.22,1022.4,31.2,99.72,28.438,36.636,477,396.6,462,384.1,77.9,463.4,385.3,78.1
HOG_REEF_64W_32N,32.457,-64.824,8/1/2014,21:17,457.8,2,9.01,393.7,2,7.6,1021.9,31.9,101.94,28.511,36.636,462,396.7,447.2,384,63.2,448.5,385.2,63.4
HOG_REEF_64W_32N,32.457,-64.824,8/2/2014,0:17,490.9,2,8.52,394.9,2,7.34,1022.3,31.4,101.39,28.405,36.64,495.2,397.8,479.6,385.3,94.3,481.1,386.5,94.6
HOG_REEF_64W_32N,32.457,-64.824,8/2/2014,3:17,507.7,2,8.03,395.2,2,7.21,1022.4,30.1,100.15,28.258,36.643,511.8,398,495.9,385.7,110.3,497.5,386.9,110.6
HOG_REEF_64W_32N,32.457,-64.824,8/2/2014,6:17,504.3,2,7.92,393.5,2,7.36,1021.2,29.3,99.45,28.164,36.643,508.4,396.4,492.1,383.7,108.4,493.6,384.9,108.7
HOG_REEF_64W_32N,32.457,-64.824,8/2/2014,9:17,515.8,2,7.91,392.9,2,7.35,1021,28.8,98.58,28.185,36.643,519.9,395.9,503.1,383.1,120,504.6,384.3,120.4
HOG_REEF_64W_32N,32.457,-64.824,8/2/2014,12:17,515.7,2,8.51,393.1,2,7.62,1021.9,28.6,97.93,28.166,36.644,520.1,396.1,503.8,383.7,120.1,505.4,384.9,120.5
HOG_REEF_64W_32N,32.457,-64.824,8/2/2014,15:17,488.1,2,8.62,392.1,2,7.59,1021.9,29.3,98.97,28.392,36.652,492.3,395.1,476.6,382.6,94.1,478.1,383.7,94.4
HOG_REEF_64W_32N,32.457,-64.824,8/2/2014,18:17,474.4,2,8.95,390.1,2,7.6,1021.6,30.6,100.59,28.514,36.647,478.7,393.1,463.2,380.4,82.8,464.6,381.6,83.1
HOG_REEF_64W_32N,32.457,-64.824,8/2/2014,21:17,485.7,2,9.29,389.5,2,7.89,1021.3,31.3,100.93,28.418,36.645,490.3,392.6,474.3,379.8,94.5,475.8,381,94.8
HOG_REEF_64W_32N,32.457,-64.824,8/3/2014,0:17,465.2,2,8.42,389.7,2,7.5,1022.1,31.3,102.11,28.531,36.654,469.2,392.6,454.2,380.1,74.1,455.6,381.3,74.3
HOG_REEF_64W_32N,32.457,-64.824,8/3/2014,3:17,493.1,2,8.31,390.2,2,7.58,1022.5,30.3,101.39,28.447,36.656,497.3,393.2,481.7,380.9,100.8,483.2,382.1,101.1
HOG_REEF_64W_32N,32.457,-64.824,8/3/2014,6:17,506.3,2,8.15,390,2,7.49,1021.7,29.4,100.16,28.444,36.669,510.4,393,494,380.3,113.7,495.5,381.5,114
HOG_REEF_64W_32N,32.457,-64.824,8/3/2014,9:17,512.8,2,7.91,390.4,2,7.21,1021.9,28.8,99.02,28.36,36.668,516.9,393.2,500.5,380.7,119.7,502,381.9,120.1
HOG_REEF_64W_32N,32.457,-64.824,8/3/2014,12:17,513.1,2,8.32,390.4,2,7.53,1022.8,28.6,98.2,28.326,36.67,517.4,393.4,501.5,381.3,120.2,503,382.4,120.6
HOG_REEF_64W_32N,32.457,-64.824,8/3/2014,15:17,505.5,2,8.98,390.1,2,7.7,1022.9,29.1,98.34,28.5,36.671,510.1,393.2,494.2,380.9,113.3,495.7,382.1,113.6
HOG_REEF_64W_32N,32.457,-64.824,8/3/2014,18:17,504.6,2,9.25,389.8,2,7.73,1022.4,30.8,98.92,28.585,36.67,509.3,392.9,493.1,380.4,112.7,494.6,381.6,113.1
HOG_REEF_64W_32N,32.457,-64.824,8/3/2014,21:17,490,2,9.53,389.6,2,7.94,1022.1,32.1,99.44,28.412,36.656,494.7,392.7,479,380.2,98.8,480.5,381.4,99.1
HOG_REEF_64W_32N,32.457,-64.824,8/4/2014,0:17,490.7,2,8.6,390.7,2,7.47,1023.2,32.3,100.27,28.687,36.673,495,393.7,479.5,381.4,98.2,481,382.6,98.5
HOG_REEF_64W_32N,32.457,-64.824,8/4/2014,3:17,489.8,2,8.31,391.4,2,7.39,1023.1,30.9,100.41,28.68,36.678,493.9,394.3,478.5,382,96.5,480,383.1,96.8
HOG_REEF_64W_32N,32.457,-64.824,8/4/2014,6:17,499.2,2,8.14,391.9,2,7.33,1022,29.8,99.8,28.612,36.68,503.3,394.8,487.1,382,105,488.6,383.2,105.4
HOG_REEF_64W_32N,32.457,-64.824,8/4/2014,9:17,524.2,2,7.98,391.7,2,7.3,1021.6,29,98.51,28.501,36.68,528.4,394.5,511.2,381.8,129.5,512.8,382.9,129.9
HOG_REEF_64W_32N,32.457,-64.824,8/4/2014,12:17,539.1,2,8.86,390.8,2,7.9,1022.8,28.8,97.16,28.488,36.682,543.9,393.9,526.9,381.6,145.4,528.6,382.8,145.8
HOG_REEF_64W_32N,32.457,-64.824,8/4/2014,15:17,511.3,2,9.35,389.6,2,7.94,1023.3,30.1,97.54,28.775,36.688,516.2,392.8,500,380.5,119.5,501.5,381.6,119.9
HOG_REEF_64W_32N,32.457,-64.824,8/4/2014,18:17,509.6,2,9.67,390.2,2,7.91,1022.5,31.9,98.31,29.064,36.695,514.6,393.3,497.8,380.4,117.3,499.3,381.6,117.7
HOG_REEF_64W_32N,32.457,-64.824,8/4/2014,21:17,492.7,2,9.9,388.1,2,8.11,1022.7,33,99.61,28.804,36.681,497.6,391.3,481.7,378.8,102.9,483.2,380,103.2
HOG_REEF_64W_32N,32.457,-64.824,8/5/2014,0:17,496.3,2,8.79,390.6,2,7.46,1023.2,32.7,100.53,28.92,36.689,500.7,393.5,484.8,381,103.8,486.3,382.2,104.1
HOG_REEF_64W_32N,32.457,-64.824,8/5/2014,3:17,503.6,2,8.56,391.1,2,7.6,1022.9,31.2,100.01,28.771,36.688,507.9,394.1,491.8,381.6,110.2,493.3,382.8,110.6
HOG_REEF_64W_32N,32.457,-64.824,8/5/2014,6:17,527.7,2,8.38,390.8,2,7.63,1021.7,30.1,99.03,28.707,36.691,532.1,393.8,514.7,381,133.8,516.3,382.1,134.2
HOG_REEF_64W_32N,32.457,-64.824,8/5/2014,9:17,544.6,2,8.22,390.9,2,7.5,1022,29.4,97.71,28.563,36.687,549.1,393.9,531.5,381.2,150.2,533.1,382.4,150.7
HOG_REEF_64W_32N,32.457,-64.824,8/5/2014,12:17,530.1,2,8.99,390.2,2,7.96,1022.3,29.2,97.05,28.358,36.681,534.9,393.3,518.1,381,137.1,519.7,382.2,137.6
HOG_REEF_64W_32N,32.457,-64.824,8/5/2014,15:17,543.4,2,9.36,389.4,2,7.91,1022.8,30.3,96.88,28.707,36.695,548.5,392.5,531.1,380,151.1,532.8,381.2,151.6
HOG_REEF_64W_32N,32.457,-64.824,8/5/2014,18:17,528.6,2,9.7,389,2,8.12,1021.5,31.9,97.48,28.903,36.697,533.7,392.2,516,379.2,136.8,517.5,380.3,137.2
HOG_REEF_64W_32N,32.457,-64.824,8/5/2014,21:17,492.4,2,9.67,389.5,2,8.19,1020.5,32.5,99.76,28.944,36.696,497.2,392.8,480.1,379.3,100.8,481.6,380.4,101.2
HOG_REEF_64W_32N,32.457,-64.824,8/6/2014,0:17,487.1,2,8.65,390.5,2,7.71,1021,31.8,101.24,28.906,36.702,491.4,393.6,474.8,380.3,94.5,476.2,381.4,94.8
HOG_REEF_64W_32N,32.457,-64.824,8/6/2014,3:17,505.2,2,8.53,390.9,2,7.91,1019.7,30.6,101.27,28.863,36.707,509.6,394,491.7,380.2,111.5,493.2,381.4,111.8
HOG_REEF_64W_32N,32.457,-64.824,8/6/2014,6:17,524.9,2,8.38,390.9,2,7.7,1018.4,29.8,99.8,28.498,36.692,529.4,393.9,510.6,379.9,130.6,512.1,381.1,131
HOG_REEF_64W_32N,32.457,-64.824,8/6/2014,9:17,512.9,2,8.34,391.5,2,7.81,1017.3,29.2,98.89,28.186,36.66,517.3,394.5,498.7,380.4,118.3,500.2,381.5,118.7
HOG_REEF_64W_32N,32.457,-64.824,8/6/2014,12:17,512.1,2,8.74,391.3,2,8.17,1017,28.9,98.18,28.165,36.653,516.6,394.6,498,380.3,117.7,499.5,381.5,118
HOG_REEF_64W_32N,32.457,-64.824,8/6/2014,15:17,504.8,2,8.68,392.9,2,8.08,1016.6,29.1,98.4,28.247,36.657,509.2,396.1,490.5,381.6,109,492,382.7,109.3
HOG_REEF_64W_32N,32.457,-64.824,8/6/2014,18:17,469.9,2,8.76,393.7,2,8.23,1015.3,29.4,100.17,28.343,36.646,474.1,397,456,381.8,74.1,457.4,383,74.4
HOG_REEF_64W_32N,32.457,-64.824,8/6/2014,21:17,462.2,2,8.7,394,2,8.2,1015.1,29.5,100.97,28.213,36.635,466.3,397.2,448.5,382.1,66.4,449.9,383.3,66.6
HOG_REEF_64W_32N,32.457,-64.824,8/7/2014,0:17,473.7,2,8.53,394.2,2,8.08,1015.3,29.3,100.05,28.042,36.63,477.8,397.5,459.8,382.5,77.3,461.2,383.7,77.5
HOG_REEF_64W_32N,32.457,-64.824,8/7/2014,3:17,481.1,2,8.39,394.5,2,7.93,1015.1,28.9,98.84,27.909,36.626,485.2,397.6,467,382.7,84.3,468.4,383.9,84.5
HOG_REEF_64W_32N,32.457,-64.824,8/7/2014,6:17,480,2,8.42,394.5,2,7.95,1014.1,28.6,98.26,27.86,36.618,484.1,397.7,465.5,382.4,83.1,466.9,383.6,83.3
HOG_REEF_64W_32N,32.457,-64.824,8/7/2014,9:17,497.2,2,8.22,394.7,2,7.73,1013.9,28.5,97.74,27.793,36.604,501.3,397.8,482,382.5,99.5,483.5,383.7,99.8
HOG_REEF_64W_32N,32.457,-64.824,8/7/2014,12:17,529,2,8.28,395.1,2,7.89,1013.8,28.3,96.89,27.721,36.595,533.4,398.2,512.9,383,129.9,514.5,384.1,130.3
HOG_REEF_64W_32N,32.457,-64.824,8/7/2014,15:17,526.9,2,8.41,394.3,2,7.85,1015.3,28.2,95.89,27.755,36.589,531.3,397.4,511.7,382.7,128.9,513.3,383.9,129.3
HOG_REEF_64W_32N,32.457,-64.824,8/7/2014,18:17,516.8,2,8.99,393.8,2,8.16,1015,28.5,96.16,27.967,36.578,521.5,397,501.8,382,119.8,503.3,383.2,120.2
HOG_REEF_64W_32N,32.457,-64.824,8/7/2014,21:17,468.2,2,8.41,394,2,7.79,1014.9,29.2,98.26,28.14,36.539,472.1,397.1,454.1,382,72.2,455.5,383.1,72.4
HOG_REEF_64W_32N,32.457,-64.824,8/8/2014,0:17,480.8,2,8.23,394.5,2,7.76,1015.8,28.8,98.82,28.022,36.58,484.8,397.6,466.9,382.9,84,468.3,384.1,84.3
HOG_REEF_64W_32N,32.457,-64.824,8/8/2014,3:17,493,2,8.47,394.4,2,7.96,1015.7,28.4,98.5,28.014,36.582,497.2,397.6,478.7,382.8,95.9,480.2,384,96.2
HOG_REEF_64W_32N,32.457,-64.824,8/8/2014,6:17,514.6,2,8.41,394.5,2,7.9,1015,28.2,97.58,27.859,36.568,519,397.7,499.5,382.8,116.7,501.1,384,117.1
HOG_REEF_64W_32N,32.457,-64.824,8/8/2014,9:17,530.5,2,8.39,394.6,2,7.84,1015.7,28.1,96.18,27.783,36.582,535,397.7,515.3,383.1,132.2,516.9,384.3,132.6
HOG_REEF_64W_32N,32.457,-64.824,8/8/2014,12:17,552.9,2,8.34,393,2,7.64,1017,28.1,94.53,27.723,36.585,557.6,396,537.9,382,155.9,539.6,383.2,156.4
HOG_REEF_64W_32N,32.457,-64.824,8/8/2014,15:17,522.9,2,8.43,389.8,2,7.67,1017.4,28.5,94.56,27.906,36.588,527.4,392.8,508.8,378.9,129.9,510.4,380.1,130.3
HOG_REEF_64W_32N,32.457,-64.824,8/8/2014,18:17,475.8,2,8.48,389.1,2,7.76,1017.2,29.2,96.55,28.107,36.59,479.9,392.1,462.7,378,84.7,464.1,379.2,84.9
HOG_REEF_64W_32N,32.457,-64.824,8/8/2014,21:17,460.7,2,8.78,388.8,2,7.89,1016.7,29.4,99.08,28.168,36.595,464.8,391.9,447.8,377.6,70.2,449.2,378.8,70.4
HOG_REEF_64W_32N,32.457,-64.824,8/9/2014,0:17,466.5,2,8.46,387.8,2,7.72,1017.7,29.3,99.34,28.124,36.598,470.5,390.8,453.9,377,76.9,455.3,378.1,77.1
HOG_REEF_64W_32N,32.457,-64.824,8/9/2014,3:17,485.6,2,8.52,388.9,2,7.87,1017.9,28.8,98.88,28.094,36.597,489.8,392,472.6,378.2,94.3,474,379.4,94.6
HOG_REEF_64W_32N,32.457,-64.824,8/9/2014,6:16,505.8,2,8.53,389.6,2,7.91,1016.9,28.3,98.46,28.118,36.596,510.2,392.7,491.7,378.5,113.2,493.2,379.7,113.5
HOG_REEF_64W_32N,32.457,-64.824,8/9/2014,9:16,530.3,2,8.52,389.5,2,7.89,1016.7,28.1,97.23,28.068,36.598,534.9,392.6,515.5,378.4,137.1,517.1,379.5,137.5
HOG_REEF_64W_32N,32.457,-64.824,8/9/2014,12:16,517.4,2,9.17,388,2,8.52,1017.4,28,97.08,28.163,36.614,522.2,391.3,503.5,377.3,126.2,505.1,378.5,126.6
HOG_REEF_64W_32N,32.457,-64.824,8/9/2014,15:16,498.8,2,8.83,386,2,7.95,1018.1,28.6,97.86,28.223,36.61,503.2,389.1,485.5,375.4,110.1,487,376.6,110.5
HOG_REEF_64W_32N,32.457,-64.824,8/9/2014,18:16,501.5,2,7.45,387.7,2,6.92,1018.1,29.4,98.61,28.282,36.608,505.2,390.4,487.4,376.6,110.7,488.9,377.8,111.1
HOG_REEF_64W_32N,32.457,-64.824,8/9/2014,21:16,506.2,2,8.31,383,2,7.78,1016.6,28.7,97.92,28.01,36.561,510.5,386,492,372,119.9,493.5,373.2,120.3
HOG_REEF_64W_32N,32.457,-64.824,8/10/2014,0:16,485.1,2,8.26,381.8,2,7.53,1017.3,28.2,97.33,27.859,36.563,489.1,384.7,471.9,371.1,100.8,473.3,372.3,101.1
HOG_REEF_64W_32N,32.457,-64.824,8/10/2014,3:16,522.5,2,8.24,382.7,2,7.52,1017.8,27.7,95.98,27.875,36.562,526.8,385.7,508.5,372.2,136.3,510.1,373.4,136.7
HOG_REEF_64W_32N,32.457,-64.824,8/10/2014,6:16,515.4,2,8.21,383.3,2,7.43,1016.6,27.4,96.4,28.107,36.596,519.6,386.2,500.7,372.1,128.6,502.2,373.2,129
HOG_REEF_64W_32N,32.457,-64.824,8/10/2014,9:16,521.2,2,8.19,383.7,2,7.44,1015.8,27.2,96.53,28.138,36.608,525.5,386.6,505.9,372.2,133.7,507.5,373.4,134.1
HOG_REEF_64W_32N,32.457,-64.824,8/10/2014,12:16,478.4,2,7.38,381.2,2,7.01,1017.1,27.1,97.21,28.143,36.27,482,383.9,464.6,370.1,94.5,466.1,371.2,94.8
HOG_REEF_64W_32N,32.457,-64.824,8/10/2014,15:16,511.5,2,7.76,380.8,2,7.44,1017.3,26.7,97.08,28.068,36.455,515.5,383.6,497.1,369.9,127.1,498.6,371.1,127.5
HOG_REEF_64W_32N,32.457,-64.824,8/10/2014,18:16,493.2,2,8.02,381.8,2,7.68,1015.7,26.4,97.26,28.04,36.21,497.2,384.8,478.8,370.5,108.3,480.2,371.6,108.6
HOG_REEF_64W_32N,32.457,-64.824,8/10/2014,21:16,490.3,2,8.19,384.5,2,7.41,1016.2,26.6,97.85,28.163,36.453,494.3,387.4,476.1,373.1,103,477.5,374.2,103.3
HOG_REEF_64W_32N,32.457,-64.824,8/11/2014,0:16,484.8,2,8.08,381.6,2,7.38,1016.1,26.8,98.08,28.113,36.403,488.8,384.5,470.7,370.3,100.5,472.2,371.4,100.8
HOG_REEF_64W_32N,32.457,-64.824,8/11/2014,3:16,491.7,2,8.12,381.7,2,7.44,1017.5,26.8,97.79,28.043,36.4,495.7,384.6,478.1,371,107.2,479.6,372.1,107.5
HOG_REEF_64W_32N,32.457,-64.824,8/11/2014,6:16,494.6,2,8.04,381.7,2,7.26,1016.4,26.8,97.51,28.037,36.403,498.6,384.5,480.4,370.5,109.9,481.8,371.6,110.2
HOG_REEF_64W_32N,32.457,-64.824,8/11/2014,9:16,506.4,2,8.04,382.2,2,7.35,1017,26.8,96.77,27.979,36.401,510.6,385,492.3,371.2,121,493.8,372.4,121.4
HOG_REEF_64W_32N,32.457,-64.824,8/11/2014,12:16,511.3,2,8.57,382,2,7.7,1017.8,26.9,95.92,27.934,36.41,515.7,385,497.7,371.6,126.1,499.2,372.7,126.5
HOG_REEF_64W_32N,32.457,-64.824,8/11/2014,15:16,510.8,2,8.77,382,2,8.36,1018.9,27.9,95.79,27.998,36.414,515.3,385.2,497.8,372.1,125.7,499.3,373.3,126.1
HOG_REEF_64W_32N,32.457,-64.824,8/11/2014,18:16,473.5,2,8.78,383.9,2,7.46,1018.1,29.2,97.7,28.179,36.469,477.7,386.7,460.9,373.2,87.8,462.4,374.3,88
HOG_REEF_64W_32N,32.457,-64.824,8/11/2014,21:16,472,2,7.97,385.5,2,7.55,1017.7,28.9,98.14,28.073,36.22,475.8,388.4,459,374.7,84.3,460.4,375.9,84.6
HOG_REEF_64W_32N,32.457,-64.824,8/12/2014,0:16,474.2,2,8.1,389.1,2,7.67,1017.6,27.8,98.38,27.953,36.17,478.1,392.2,461.3,378.4,82.9,462.7,379.5,83.2
HOG_REEF_64W_32N,32.457,-64.824,8/12/2014,3:16,484,2,8.03,395.2,2,7.63,1017.1,27.2,98.33,27.702,36.302,487.9,398.3,470.8,384.3,86.5,472.2,385.4,86.8
HOG_REEF_64W_32N,32.457,-64.824,8/12/2014,6:16,529.7,2,7.93,393.5,2,7.52,1016.9,26.7,96.4,27.692,36.421,534,396.5,515.1,382.5,132.7,516.7,383.6,133.1
HOG_REEF_64W_32N,32.457,-64.824,8/12/2014,9:16,502.6,2,8.1,393.5,2,7.64,1017.4,26.5,96,27.965,36.406,506.7,396.5,488.8,382.5,106.4,490.3,383.6,106.7
HOG_REEF_64W_32N,32.457,-64.824,8/12/2014,12:16,547.4,2,8.55,393.1,2,8.02,1018,26.7,93.74,27.863,36.444,552.2,396.3,533.1,382.6,150.5,534.7,383.7,151
HOG_REEF_64W_32N,32.457,-64.824,8/12/2014,15:16,545.6,2,8.6,393,2,8.25,1017.8,27.7,93.22,27.85,36.411,550.4,396.3,531.2,382.5,148.8,532.9,383.7,149.2
HOG_REEF_64W_32N,32.457,-64.824,8/12/2014,18:16,533.1,2,9.37,395.8,2,8.41,1017,28.6,93.79,27.716,36.413,538.1,399.1,519.1,385.1,134.1,520.7,386.3,134.5
HOG_REEF_64W_32N,32.457,-64.824,8/12/2014,21:16,496.4,2,8.68,393.2,2,8.09,1016.6,28.8,95.63,27.673,36.409,500.8,396.4,482.9,382.3,100.6,484.4,383.5,100.9
HOG_REEF_64W_32N,32.457,-64.824,8/13/2014,0:16,471.3,2,8.36,393.2,2,7.93,1017.4,28.5,97.54,27.289,36.315,475.3,396.4,459.1,382.9,76.3,460.6,384.1,76.5
HOG_REEF_64W_32N,32.457,-64.824,8/13/2014,3:16,479.7,2,8.53,393.3,2,8.11,1017.7,28,98.39,27.081,36.32,483.8,396.5,467.7,383.3,84.3,469.2,384.5,84.6
HOG_REEF_64W_32N,32.457,-64.824,8/13/2014,6:16,486.9,2,8.26,393.7,2,7.82,1017,27.8,97.14,27.035,36.312,490.9,396.8,474.3,383.3,90.9,475.8,384.5,91.2
HOG_REEF_64W_32N,32.457,-64.824,8/13/2014,9:16,498.8,2,8.39,393.6,2,7.97,1016.5,27.5,95.72,26.994,36.311,503,396.7,485.8,383.1,102.7,487.3,384.3,103
HOG_REEF_64W_32N,32.457,-64.824,8/13/2014,12:16,487.8,2,8.58,392.7,2,8.08,1017.6,27.3,95.26,26.988,36.328,492,395.9,475.7,382.8,92.9,477.2,384,93.2
HOG_REEF_64W_32N,32.457,-64.824,8/13/2014,15:16,453.1,2,8.84,392.7,2,8.36,1017.8,27.4,98.71,27.084,36.357,457.1,396,441.9,382.9,59.1,443.3,384.1,59.3
HOG_REEF_64W_32N,32.457,-64.824,8/13/2014,18:16,437.7,2,8.95,392.4,2,8.55,1017.1,27.6,99.73,27.149,36.341,441.7,395.8,426.6,382.3,44.3,428,383.5,44.5
HOG_REEF_64W_32N,32.457,-64.824,8/13/2014,21:16,422.7,2,8.67,392.3,2,8.21,1016.2,28,100.62,27.231,36.342,426.4,395.6,411.4,381.7,29.7,412.7,382.9,29.8
HOG_REEF_64W_32N,32.457,-64.824,8/14/2014,0:16,426.5,2,8.49,392.7,2,8.05,1016.1,28.1,100.79,27.218,36.346,430.2,395.9,415.1,382,33.1,416.4,383.2,33.2
HOG_REEF_64W_32N,32.457,-64.824,8/14/2014,3:16,446.7,2,8.56,392.8,2,8.15,1015.4,28,99.45,27.179,36.356,450.5,396.1,434.4,381.9,52.5,435.8,383.1,52.7
HOG_REEF_64W_32N,32.457,-64.824,8/14/2014,6:16,455.9,2,8.6,392.6,2,8.17,1014.6,27.9,99.54,27.117,36.36,459.9,395.8,443.1,381.4,61.7,444.5,382.6,61.9
HOG_REEF_64W_32N,32.457,-64.824,8/14/2014,9:16,467.3,2,8.56,392.7,2,8.13,1013.9,27.9,98.46,27.118,36.377,471.3,395.9,453.8,381.2,72.6,455.2,382.4,72.8
HOG_REEF_64W_32N,32.457,-64.824,8/14/2014,12:16,457.4,2,9.06,392.3,2,8.69,1014.5,27.8,98.54,27.103,36.373,461.6,395.7,444.8,381.3,63.5,446.2,382.5,63.7
HOG_REEF_64W_32N,32.457,-64.824,8/14/2014,15:16,437.7,2,8.91,392.9,2,8.49,1015.2,28,99.74,27.242,36.408,441.6,396.3,425.7,382,43.7,427,383.2,43.8
HOG_REEF_64W_32N,32.457,-64.824,8/14/2014,18:16,425.3,2,8.99,392.8,2,8.6,1014.7,28.2,100.55,27.402,36.429,429.1,396.2,413.3,381.6,31.7,414.6,382.8,31.8
HOG_REEF_64W_32N,32.457,-64.824,8/14/2014,21:16,425.8,2,8.96,393.3,2,8.53,1014.5,28.5,100.15,27.542,36.421,429.7,396.7,413.6,381.9,31.8,414.9,383.1,31.9
HOG_REEF_64W_32N,32.457,-64.824,8/15/2014,0:16,414.5,2,8.81,393.2,2,8.37,1014.7,28.4,101.5,27.515,36.416,418.2,396.5,402.7,381.8,20.9,403.9,383,20.9
HOG_REEF_64W_32N,32.457,-64.824,8/15/2014,3:16,445,2,8.82,393.1,2,8.4,1015,28.3,99.9,27.404,36.428,449,396.4,432.6,382,50.6,433.9,383.1,50.8
HOG_REEF_64W_32N,32.457,-64.824,8/15/2014,6:16,460,2,8.75,393.3,2,8.34,1014.6,28.2,98.96,27.32,36.414,464.1,396.6,447,382,65,448.4,383.2,65.2
HOG_REEF_64W_32N,32.457,-64.824,8/15/2014,9:16,477.7,2,8.73,393.4,2,8.28,1014.9,28,98.04,27.258,36.415,481.9,396.7,464.4,382.3,82.1,465.9,383.5,82.4
HOG_REEF_64W_32N,32.457,-64.824,8/15/2014,12:16,490,2,9.24,393.3,2,8.7,1016.2,27.9,97.1,27.238,36.421,494.5,396.7,477.2,382.8,94.4,478.7,384,94.7
HOG_REEF_64W_32N,32.457,-64.824,8/15/2014,15:16,453,2,9.31,392.7,2,8.92,1017,28.7,97.77,27.537,36.42,457.3,396.3,441.4,382.5,58.9,442.7,383.6,59.1
HOG_REEF_64W_32N,32.457,-64.824,8/15/2014,18:16,440.9,2,8.92,393.3,2,8.32,1016.8,29.7,99.07,27.682,36.416,444.9,396.6,429.1,382.5,46.6,430.4,383.7,46.7
HOG_REEF_64W_32N,32.457,-64.824,8/15/2014,21:16,421.7,2,8.79,393,2,8.19,1017,29.7,101,27.694,36.408,425.4,396.2,410.5,382.3,28.2,411.7,383.5,28.3
HOG_REEF_64W_32N,32.457,-64.824,8/16/2014,0:16,428.4,2,8.91,393.2,2,8.38,1017.3,29.2,101.67,27.673,36.41,432.3,396.6,417.2,382.7,34.5,418.5,383.9,34.6
HOG_REEF_64W_32N,32.457,-64.824,8/16/2014,3:16,449.4,2,8.9,393.2,2,8.41,1017.8,28.6,100.64,27.599,36.425,453.4,396.6,437.9,383,54.9,439.3,384.2,55.1
HOG_REEF_64W_32N,32.457,-64.824,8/16/2014,6:16,456.2,2,8.88,393,2,8.43,1017.1,28.3,99.31,27.477,36.415,460.3,396.4,444.3,382.6,61.7,445.7,383.8,61.9
HOG_REEF_64W_32N,32.457,-64.824,8/16/2014,9:16,460,2,8.82,393.2,2,8.36,1018.1,28.1,98.16,27.425,36.418,464.1,396.5,448.5,383.2,65.3,449.9,384.4,65.5
HOG_REEF_64W_32N,32.457,-64.824,8/16/2014,12:16,481.2,2,9.5,392.3,2,9.13,1018.9,28.1,96.76,27.466,36.425,485.9,396,469.9,382.9,86.9,471.3,384.1,87.2
HOG_REEF_64W_32N,32.457,-64.824,8/16/2014,15:16,457.5,2,9.62,392.6,2,9.04,1019.3,29.1,97.43,27.675,36.429,462,396.2,446.8,383.2,63.6,448.2,384.4,63.8
HOG_REEF_64W_32N,32.457,-64.824,8/16/2014,18:16,455.2,2,8.33,393.3,2,7.85,1019.4,29.2,98.56,27.685,36.417,459,396.4,443.9,383.4,60.5,445.3,384.6,60.7
HOG_REEF_64W_32N,32.457,-64.824,8/16/2014,21:16,447.8,2,8.91,393.2,2,8.33,1018.2,28.5,99.48,27.662,36.395,451.8,396.5,436.5,383,53.4,437.8,384.2,53.6
HOG_REEF_64W_32N,32.457,-64.824,8/17/2014,0:16,451.5,2,8.69,393.2,2,8.29,1018,28.1,99.34,27.574,36.369,455.4,396.5,440,383.1,56.9,441.3,384.3,57.1
HOG_REEF_64W_32N,32.457,-64.824,8/17/2014,3:16,466,2,8.73,393.3,2,8.23,1017.7,27.8,98.26,27.409,36.35,470.1,396.6,454.1,383.1,71,455.6,384.3,71.2
HOG_REEF_64W_32N,32.457,-64.824,8/17/2014,6:16,460.3,2,8.73,393.3,2,8.25,1017,27.6,97.68,27.359,36.388,464.4,396.6,448.4,382.9,65.5,449.8,384.1,65.7
HOG_REEF_64W_32N,32.457,-64.824,8/17/2014,9:16,460,2,8.65,393,2,8.16,1016.9,27.5,97.7,27.318,36.397,464,396.2,447.9,382.5,65.4,449.3,383.7,65.6
HOG_REEF_64W_32N,32.457,-64.824,8/17/2014,12:16,469,2,9.21,393,2,8.71,1017.8,27.5,96.76,27.316,36.404,473.4,396.5,457.5,383.1,74.3,458.9,384.3,74.6
HOG_REEF_64W_32N,32.457,-64.824,8/17/2014,15:16,465.9,2,9.38,392.7,2,8.89,1017.7,27.9,96.76,27.402,36.401,470.3,396.2,454.3,382.7,71.6,455.7,383.9,71.8
HOG_REEF_64W_32N,32.457,-64.824,8/17/2014,18:16,448.8,2,9.01,393.2,2,8.38,1016.5,28.9,98.08,27.647,36.373,452.9,396.5,436.7,382.4,54.3,438.1,383.6,54.5
HOG_REEF_64W_32N,32.457,-64.824,8/17/2014,21:16,433.5,2,9.16,393.2,2,8.6,1016.1,29.1,99.91,27.715,36.368,437.5,396.6,421.7,382.2,39.4,423,383.4,39.6
HOG_REEF_64W_32N,32.457,-64.824,8/18/2014,0:16,441,2,8.93,393.1,2,8.47,1015.9,28.7,100.52,27.663,36.366,445,396.4,428.9,382.1,46.8,430.2,383.3,46.9
HOG_REEF_64W_32N,32.457,-64.824,8/18/2014,3:16,457.6,2,8.93,393.4,2,8.45,1015.4,28.4,100.04,27.677,36.368,461.8,396.8,444.8,382.2,62.6,446.2,383.4,62.8
HOG_REEF_64W_32N,32.457,-64.824,8/18/2014,6:16,473.6,2,9.05,393.9,2,8.52,1014.1,28.1,98.88,27.592,36.368,477.9,397.3,459.8,382.2,77.6,461.2,383.4,77.8
HOG_REEF_64W_32N,32.457,-64.824,8/18/2014,9:16,500.2,2,9,393.1,2,8.5,1013.9,28,97.34,27.537,36.366,504.7,396.5,485.6,381.5,104.1,487.1,382.6,104.4
HOG_REEF_64W_32N,32.457,-64.824,8/18/2014,12:16,501.4,2,9.59,393.1,2,9.05,1014.5,27.9,96.32,27.559,36.371,506.2,396.7,487.3,381.8,105.5,488.8,383,105.8
HOG_REEF_64W_32N,32.457,-64.824,8/18/2014,15:16,485.3,2,9.21,392.7,2,8.69,1014.5,28.4,96.46,27.72,36.376,489.9,396.2,471.4,381.2,90.2,472.8,382.4,90.4
HOG_REEF_64W_32N,32.457,-64.824,8/18/2014,18:16,477.3,2,9.23,387.8,2,8.63,1013.4,28.9,97.72,27.858,36.375,481.8,391.2,463,375.9,87,464.4,377.1,87.3
HOG_REEF_64W_32N,32.457,-64.824,8/18/2014,21:16,447.3,2,9.33,385.7,2,8.7,1013,29,99.53,27.968,36.381,451.5,389.1,433.6,373.7,59.9,434.9,374.8,60.1
HOG_REEF_64W_32N,32.457,-64.824,8/19/2014,0:16,461.2,2,9.1,386.9,2,8.59,1014.1,28.7,99.8,27.801,36.381,465.5,390.3,447.7,375.4,72.3,449.1,376.5,72.5
HOG_REEF_64W_32N,32.457,-64.824,8/19/2014,3:16,476.7,2,9.23,386.5,2,8.66,1014.3,28.4,98.81,27.703,36.38,481.2,389.9,463,375.1,87.8,464.4,376.3,88.1
HOG_REEF_64W_32N,32.457,-64.824,8/19/2014,6:16,486.8,2,9.11,386,2,8.58,1013.5,28.2,98.15,27.734,36.382,491.3,389.3,472.2,374.2,98,473.7,375.4,98.3
HOG_REEF_64W_32N,32.457,-64.824,8/19/2014,9:16,499.3,2,9.09,387.1,2,8.59,1014.2,28,97.51,27.75,36.375,503.9,390.5,484.7,375.6,109.1,486.2,376.8,109.5
HOG_REEF_64W_32N,32.457,-64.824,8/19/2014,12:16,508.6,2,9.55,385.4,2,8.92,1015.3,28,96.43,27.703,36.389,513.5,388.8,494.5,374.5,120.1,496.1,375.7,120.4
HOG_REEF_64W_32N,32.457,-64.824,8/19/2014,15:16,489.6,2,9.81,383.6,2,9.43,1016,28.7,96.45,27.834,36.393,494.4,387.3,476.4,373.2,103.2,477.9,374.3,103.6
HOG_REEF_64W_32N,32.457,-64.824,8/19/2014,18:16,458.5,2,9.75,385.9,2,8.78,1015.5,29.8,97.95,28.007,36.394,463,389.3,445.7,374.7,71,447.1,375.9,71.2
HOG_REEF_64W_32N,32.457,-64.824,8/19/2014,21:16,446.9,2,9.41,389,2,8.7,1015.9,30.3,99.4,28.053,36.393,451.2,392.4,434.4,377.9,56.5,435.8,379.1,56.7
HOG_REEF_64W_32N,32.457,-64.824,8/20/2014,0:16,465.2,2,9.22,385.6,2,8.69,1016.6,29.8,99.27,27.981,36.395,469.5,389,452.5,374.9,77.6,453.9,376.1,77.9
HOG_REEF_64W_32N,32.457,-64.824,8/20/2014,3:16,480.6,2,9.4,391,2,8.91,1016.2,29.1,98.42,27.91,36.398,485.2,394.5,467.5,380.2,87.4,469,381.3,87.6
HOG_REEF_64W_32N,32.457,-64.824,8/20/2014,6:16,479.1,2,9.35,392.9,2,8.83,1015.7,28.7,97.92,27.922,36.399,483.6,396.4,465.7,381.7,84,467.2,382.9,84.2
HOG_REEF_64W_32N,32.457,-64.824,8/20/2014,9:16,471.5,2,9.38,393,2,8.87,1016.2,28.4,98.02,27.939,36.39,475.9,396.5,458.6,382,76.5,460,383.2,76.8
HOG_REEF_64W_32N,32.457,-64.824,8/20/2014,12:16,513.8,2,9.96,392.7,2,9.51,1017.6,28.3,96.44,27.802,36.408,519,396.4,500.9,382.6,118.3,502.5,383.8,118.7
HOG_REEF_64W_32N,32.457,-64.824,8/20/2014,15:16,452.1,2,9.77,392.2,2,9.21,1018.8,28.8,97.96,28.008,36.406,456.6,395.9,441.1,382.4,58.7,442.4,383.6,58.8
HOG_REEF_64W_32N,32.457,-64.824,8/20/2014,18:16,447.5,2,8.91,392.9,2,8.37,1018.8,29.4,99.33,28.09,36.398,451.5,396.2,436,382.6,53.4,437.4,383.8,53.6
HOG_REEF_64W_32N,32.457,-64.824,8/20/2014,21:16,445.9,2,9.73,392.8,2,9.1,1018.9,29,100.23,28.062,36.405,450.3,396.4,435,382.9,52.1,436.3,384,52.3
HOG_REEF_64W_32N,32.457,-64.824,8/21/2014,0:16,455.1,2,9.42,392.7,2,8.96,1019.4,28.9,99.77,27.974,36.4,459.4,396.3,444.1,383,61,445.4,384.2,61.2
HOG_REEF_64W_32N,32.457,-64.824,8/21/2014,3:16,467.4,3,9.47,392.9,2,8.98,1019.6,28.7,99.66,27.948,36.395,471.9,396.5,456.2,383.4,72.9,457.6,384.5,73.1
HOG_REEF_64W_32N,32.457,-64.824,8/21/2014,6:16,462.9,2,9.45,392.8,2,8.96,1018.9,28.5,98.69,27.959,36.391,467.3,396.4,451.5,383,68.5,452.9,384.1,68.7
HOG_REEF_64W_32N,32.457,-64.824,8/21/2014,9:16,462.8,2,9.41,392.9,2,8.91,1019.1,28.4,98.08,27.9,36.39,467.2,396.4,451.5,383.1,68.4,452.9,384.3,68.6
HOG_REEF_64W_32N,32.457,-64.824,8/21/2014,12:16,465.1,2,10.04,392.3,2,9.61,1020.4,28.4,98.57,27.856,36.38,469.8,396.1,454.7,383.4,71.3,456.1,384.6,71.6
HOG_REEF_64W_32N,32.457,-64.824,8/21/2014,15:16,431.6,2,9.76,392.4,2,9.28,1020.2,28.8,99.92,28.043,36.375,435.9,396.1,421.6,383.1,38.5,422.9,384.3,38.6
HOG_REEF_64W_32N,32.457,-64.824,8/21/2014,18:16,410.4,2,9.67,392.3,2,9.14,1019,29.2,101.52,28.253,36.371,414.4,395.9,400.2,382.3,17.9,401.4,383.5,17.9
HOG_REEF_64W_32N,32.457,-64.824,8/21/2014,21:16,452.3,2,9.66,392.7,2,9.18,1018.8,29.3,100.38,28.24,36.404,456.7,396.3,440.9,382.6,58.3,442.3,383.8,58.5
HOG_REEF_64W_32N,32.457,-64.824,8/22/2014,0:16,487.7,2,9.4,392.8,2,8.93,1019.2,29.1,99,28.154,36.394,492.3,396.3,475.6,382.8,92.8,477.1,384,93
HOG_REEF_64W_32N,32.457,-64.824,8/22/2014,3:16,510.2,2,9.52,393.1,2,9.05,1019.2,28.7,97.58,28.086,36.404,515.1,396.7,497.7,383.2,114.4,499.2,384.4,114.8
HOG_REEF_64W_32N,32.457,-64.824,8/22/2014,6:16,461,2,9.55,392.8,2,9.1,1017.6,28.5,98.05,28.121,36.406,465.5,396.4,448.9,382.3,66.6,450.3,383.5,66.9
HOG_REEF_64W_32N,32.457,-64.824,8/22/2014,9:16,442.2,2,9.53,392.9,2,9.05,1016.7,28.4,99.01,28.118,36.393,446.4,396.5,430.2,382.1,48.1,431.5,383.2,48.3
HOG_REEF_64W_32N,32.457,-64.824,8/22/2014,12:16,448.5,2,9.66,392.7,2,9.18,1017.7,28.4,99.07,28.077,36.4,452.9,396.4,436.9,382.4,54.5,438.3,383.5,54.7
HOG_REEF_64W_32N,32.457,-64.824,8/22/2014,15:16,426.9,2,9.82,392.5,2,9.22,1017.5,28.4,100.05,28.054,36.373,431.2,396.1,415.9,382.1,33.8,417.2,383.3,33.9
HOG_REEF_64W_32N,32.457,-64.824,8/22/2014,18:16,420.4,2,10.08,392.3,2,9.5,1016.3,28.5,100.29,28.011,36.333,424.7,396.1,409.1,381.6,27.6,410.4,382.8,27.7
HOG_REEF_64W_32N,32.457,-64.824,8/22/2014,21:16,444.5,2,9.88,392.4,2,9.36,1014.9,28.6,100.03,28.092,36.373,449,396.1,431.9,381,50.9,433.2,382.2,51.1
HOG_REEF_64W_32N,32.457,-64.824,8/23/2014,0:16,430.9,2,9.46,392.7,2,9.03,1015,28.6,100.37,28.097,36.38,435,396.3,418.5,381.2,37.3,419.7,382.4,37.4
HOG_REEF_64W_32N,32.457,-64.824,8/23/2014,3:16,450.4,2,9.58,392.8,2,9.09,1014.1,28.4,99.17,27.926,36.364,454.8,396.4,437.2,381.1,56.2,438.6,382.3,56.3
HOG_REEF_64W_32N,32.457,-64.824,8/23/2014,6:16,438.7,2,9.04,392.9,2,8.68,1012,28.1,98.85,27.756,36.225,442.7,396.4,424.9,380.4,44.4,426.2,381.6,44.6
HOG_REEF_64W_32N,32.457,-64.824,8/23/2014,9:16,454.6,2,9.6,392.9,2,9.14,1010.6,27.8,98.17,27.722,36.257,459,396.5,439.9,380.1,59.9,441.3,381.2,60.1
HOG_REEF_64W_32N,32.457,-64.824,8/23/2014,12:16,477.1,3,9.01,392.8,2,8.6,1012.5,27.7,98.84,27.627,36.146,481.4,396.2,462.4,380.6,81.8,463.9,381.8,82.1
HOG_REEF_64W_32N,32.457,-64.824,8/23/2014,15:16,462.1,3,9.51,392.9,2,9.02,1011.9,27.6,99.49,27.517,36.102,466.6,396.5,448,380.7,67.3,449.3,381.9,67.5
HOG_REEF_64W_32N,32.457,-64.824,8/23/2014,18:16,483,3,9.3,393.5,2,8.92,1010.8,27.6,99.5,27.562,36.133,487.5,397,467.5,380.7,86.8,469,381.9,87.1
HOG_REEF_64W_32N,32.457,-64.824,8/23/2014,21:16,411.5,2,9.52,393,2,8.97,1010.4,27.7,99.88,27.572,36.166,415.4,396.5,398.2,380.1,18.1,399.5,381.3,18.2
HOG_REEF_64W_32N,32.457,-64.824,8/24/2014,0:16,415.1,2,9.32,392.7,2,8.86,1011,27.8,99.67,27.515,36.226,419.1,396.2,402,380.1,21.9,403.3,381.3,22
HOG_REEF_64W_32N,32.457,-64.824,8/24/2014,3:16,416.1,2,9.06,392.8,2,8.65,1011.5,27.7,99.65,27.463,36.211,419.9,396.2,403,380.3,22.7,404.3,381.5,22.8
HOG_REEF_64W_32N,32.457,-64.824,8/24/2014,6:16,439.5,2,8.89,393.7,2,8.54,1010.5,27.4,98.85,27.389,36.113,443.4,397.1,425.3,380.8,44.4,426.6,382,44.6
HOG_REEF_64W_32N,32.457,-64.824,8/24/2014,9:16,432.3,2,9.19,392.9,2,8.75,1010.3,27.2,98.03,27.368,36.175,436.3,396.4,418.3,380.1,38.3,419.6,381.2,38.4
HOG_REEF_64W_32N,32.457,-64.824,8/24/2014,12:16,432.3,2,8.84,393.3,2,8.34,1011,27.2,98.37,27.32,36.123,436.2,396.6,418.6,380.6,38,419.9,381.8,38.1
HOG_REEF_64W_32N,32.457,-64.824,8/24/2014,15:16,430.7,2,9.41,392.8,2,8.79,1012.6,27.1,99.14,27.307,36.145,434.8,396.3,417.9,381,37,419.2,382.2,37.1
HOG_REEF_64W_32N,32.457,-64.824,8/24/2014,18:16,420,2,9.27,392.7,2,8.57,1012.3,27.2,99.6,27.345,36.151,423.9,396.1,407.3,380.6,26.7,408.6,381.8,26.8
HOG_REEF_64W_32N,32.457,-64.824,8/24/2014,21:16,424.8,2,8.93,392.9,2,8.3,1011.6,27.1,99.21,27.211,36.201,428.6,396.1,411.7,380.5,31.2,413,381.7,31.3
HOG_REEF_64W_32N,32.457,-64.824,8/25/2014,0:16,421.4,2,8.39,393,2,7.95,1012.7,26.8,98.97,27.191,36.338,424.9,396.1,408.6,380.9,27.7,409.9,382.1,27.8
HOG_REEF_64W_32N,32.457,-64.824,8/25/2014,3:16,430.5,2,8.38,393.4,2,7.97,1013.6,26.5,98.06,27.103,36.299,434.1,396.5,417.9,381.7,36.2,419.2,382.9,36.3
HOG_REEF_64W_32N,32.457,-64.824,8/25/2014,6:16,431.7,2,8.46,393.7,2,8.05,1011.8,26.2,97.5,27.051,36.21,435.4,396.9,418.4,381.4,37,419.7,382.6,37.1
HOG_REEF_64W_32N,32.457,-64.824,8/25/2014,9:16,433.7,2,8.67,393,2,8.24,1010.3,26,97.1,27.06,36.177,437.5,396.2,419.8,380.2,39.6,421.1,381.4,39.7
HOG_REEF_64W_32N,32.457,-64.824,8/25/2014,12:16,436.4,2,8.7,392.9,2,8.19,1011.5,26.1,96.72,27.005,36.183,440.2,396.2,423,380.6,42.3,424.3,381.8,42.5
HOG_REEF_64W_32N,32.457,-64.824,8/25/2014,15:16,431.6,2,8.71,393.6,2,8.24,1011.3,26.1,96.71,26.969,36.177,435.4,396.9,418.2,381.3,37,419.5,382.5,37.1
HOG_REEF_64W_32N,32.457,-64.824,8/25/2014,18:16,428.7,2,8.51,392.7,2,8.1,1008.1,26,97.01,26.92,36.144,432.4,395.9,414,379.1,34.9,415.3,380.3,35
HOG_REEF_64W_32N,32.457,-64.824,8/25/2014,21:16,423.6,2,8.14,392.6,2,7.78,1009.8,25.9,97.3,26.817,36.146,427.1,395.7,409.8,379.7,30.1,411.1,380.9,30.2
HOG_REEF_64W_32N,32.457,-64.824,8/26/2014,0:16,451.8,2,8.54,392.8,2,8.16,1011,25.6,96.19,26.711,36.215,455.7,396,437.9,380.6,57.3,439.2,381.7,57.5
HOG_REEF_64W_32N,32.457,-64.824,8/26/2014,3:16,452.5,2,8.63,392.5,2,8.16,1012.6,25.8,95.31,26.62,36.169,456.4,395.7,439.4,381,58.4,440.8,382.1,58.6
HOG_REEF_64W_32N,32.457,-64.824,8/26/2014,6:16,440.4,2,8.54,392.3,2,8.12,1013.6,25.8,95.33,26.642,36.161,444.2,395.5,428,381.1,46.9,429.4,382.3,47
HOG_REEF_64W_32N,32.457,-64.824,8/26/2014,9:16,436.8,2,8.73,392.4,2,8.27,1014.7,25.8,95.38,26.673,36.168,440.7,395.7,425,381.7,43.4,426.4,382.9,43.5
HOG_REEF_64W_32N,32.457,-64.824,8/26/2014,12:16,437.7,2,8.86,392.1,2,8.4,1015.7,25.9,95.2,26.716,36.198,441.7,395.4,426.4,381.7,44.7,427.7,382.9,44.8
HOG_REEF_64W_32N,32.457,-64.824,8/26/2014,15:16,419.3,2,9.02,392,2,8.5,1016.9,26.4,96.12,26.762,36.215,423.1,395.3,408.9,382.1,26.8,410.2,383.3,26.9
HOG_REEF_64W_32N,32.457,-64.824,8/26/2014,18:16,414.6,2,9.22,392.6,2,8.9,1017.1,27.2,97.22,26.804,36.216,418.5,396.1,404.6,382.9,21.6,405.8,384.1,21.7
HOG_REEF_64W_32N,32.457,-64.824,8/26/2014,21:16,424.1,2,9.61,393.4,2,8.88,1016.9,27.8,97.45,26.954,36.295,428.3,396.9,413.8,383.5,30.3,415.1,384.7,30.4
HOG_REEF_64W_32N,32.457,-64.824,8/27/2014,0:16,393.5,2,8.84,391.7,2,8.4,1017.1,27.9,97.64,26.948,35.729,397,395,383.7,381.7,2,384.9,382.9,2
HOG_REEF_64W_32N,32.457,-64.824,8/27/2014,3:16,428,2,9.42,391.7,2,8.99,1017.3,27.5,96.81,26.989,36.139,432,395.2,417.6,382,35.6,418.9,383.2,35.7
HOG_REEF_64W_32N,32.457,-64.824,8/27/2014,6:16,426.8,2,9.39,392.6,2,8.97,1016.7,27.6,96.57,26.948,36.151,430.9,396.1,416.2,382.6,33.6,417.5,383.8,33.7
HOG_REEF_64W_32N,32.457,-64.824,8/27/2014,9:16,434.2,2,9.44,392.8,2,9.01,1016.7,27.7,96.24,26.883,36.209,438.4,396.3,423.5,382.9,40.6,424.9,384.1,40.7
HOG_REEF_64W_32N,32.457,-64.824,8/27/2014,12:16,433.9,2,9.84,391.6,2,9.49,1018,27.8,96.35,26.845,36.219,438.3,395.3,424,382.5,41.5,425.3,383.7,41.7
HOG_REEF_64W_32N,32.457,-64.824,8/27/2014,15:16,427.9,2,10.03,391.3,2,9.57,1018.2,28.2,96.96,26.973,36.095,432.3,395.1,418.2,382.2,36,419.5,383.4,36.1
HOG_REEF_64W_32N,32.457,-64.824,8/27/2014,18:16,435.4,2,10.28,391.9,2,9.71,1017.7,28.7,97.43,27.132,36.09,439.9,395.8,425.2,382.5,42.6,426.5,383.7,42.8
HOG_REEF_64W_32N,32.457,-64.824,8/27/2014,21:16,438.1,2,10.45,391.8,2,9.63,1016.3,29,98.1,27.164,36.087,442.7,395.6,427.3,381.9,45.4,428.6,383.1,45.6
HOG_REEF_64W_32N,32.457,-64.824,8/28/2014,0:16,467.7,2,10.02,391.7,2,9.43,1017,29,97.32,27.01,36.064,472.4,395.4,456.4,382,74.4,457.9,383.2,74.7
HOG_REEF_64W_32N,32.457,-64.824,8/28/2014,3:16,478.6,2,9.93,391.4,2,9.45,1015.9,28.7,96.46,26.977,36.041,483.4,395.1,466.6,381.3,85.2,468,382.5,85.5
HOG_REEF_64W_32N,32.457,-64.824,8/28/2014,6:16,497.9,2,9.81,392,2,9.35,1014.9,28.5,95.63,26.929,36.043,502.9,395.7,484.9,381.6,103.3,486.4,382.8,103.7
HOG_REEF_64W_32N,32.457,-64.824,8/28/2014,9:16,509.6,2,9.78,392,2,9.35,1013.8,28.2,94.84,26.895,36.035,514.6,395.7,495.7,381.2,114.6,497.3,382.4,114.9
HOG_REEF_64W_32N,32.457,-64.824,8/28/2014,12:16,467,2,10.16,391.5,2,9.71,1014.6,28.1,95.26,26.984,36.034,471.8,395.3,454.7,381,73.7,456.1,382.2,73.9
HOG_REEF_64W_32N,32.457,-64.824,8/28/2014,15:16,428.2,2,9.97,391.5,2,9.5,1014.7,28.2,98.42,27.157,36.033,432.5,395.2,416.8,380.9,35.9,418.1,382,36.1
HOG_REEF_64W_32N,32.457,-64.824,8/28/2014,18:16,414.8,2,9.9,391.1,2,9.44,1014.7,28.2,99.94,27.185,36.091,419,394.8,403.7,380.4,23.3,405,381.6,23.3
HOG_REEF_64W_32N,32.457,-64.824,8/28/2014,21:16,411.5,2,9.85,391.7,2,9.44,1014.6,28.2,100.12,27.176,36.136,415.6,395.4,400.4,381,19.4,401.6,382.1,19.5
HOG_REEF_64W_32N,32.457,-64.824,8/29/2014,0:16,408.2,2,9.4,388.1,2,8.95,1015.9,28.1,99.56,27.035,36.193,412,391.6,397.7,377.9,19.7,398.9,379.1,19.8
HOG_REEF_64W_32N,32.457,-64.824,8/29/2014,3:16,410.4,2,9.45,387.9,2,9.02,1016.7,27.8,99.22,26.979,36.206,414.3,391.5,400.2,378.2,22,401.4,379.3,22.1
HOG_REEF_64W_32N,32.457,-64.824,8/29/2014,6:16,422.4,2,9.38,388.1,2,8.91,1016.1,27.5,98.6,26.91,36.21,426.4,391.6,411.7,378.1,33.6,413,379.3,33.7
HOG_REEF_64W_32N,32.457,-64.824,8/29/2014,9:16,437.7,2,9.29,387.9,2,8.82,1016.7,27.3,97.98,26.84,36.211,441.8,391.4,426.9,378.1,48.7,428.2,379.3,48.9
HOG_REEF_64W_32N,32.457,-64.824,8/29/2014,12:16,444.2,2,9.7,388.4,2,8.98,1018,27.1,97.36,26.833,36.218,448.6,391.9,434,379.2,54.8,435.4,380.4,55
HOG_REEF_64W_32N,32.457,-64.824,8/29/2014,15:16,410.2,2,9.27,388,2,8.65,1018.4,27.4,98.92,27.025,36.228,414,391.4,400.6,378.7,21.9,401.8,379.9,22
HOG_REEF_64W_32N,32.457,-64.824,8/29/2014,18:16,395.7,2,9.56,387.4,2,8.72,1018.1,27.8,100.26,27.228,36.233,399.5,390.8,386.3,377.8,8.5,387.5,379,8.5
HOG_REEF_64W_32N,32.457,-64.824,8/29/2014,21:16,385.9,2,9.77,385.7,2,8.94,1018,28.1,101.38,27.33,36.236,389.7,389.2,376.6,376.2,0.5,377.8,377.3,0.5
HOG_REEF_64W_32N,32.457,-64.824,8/30/2014,0:16,404.3,2,9.36,384.9,2,8.86,1018.5,28,101.02,27.277,36.239,408.1,388.3,394.7,375.6,19.1,395.9,376.7,19.2
HOG_REEF_64W_32N,32.457,-64.824,8/30/2014,3:16,428.5,2,9.35,387.2,2,8.88,1019.3,27.7,99.3,27.163,36.24,432.6,390.6,418.8,378.2,40.6,420.1,379.3,40.7
HOG_REEF_64W_32N,32.457,-64.824,8/30/2014,6:16,434.7,2,8.95,389.9,2,8.63,1019.3,27.5,98.1,27.161,36.241,438.7,393.3,424.7,380.8,43.9,426,382,44.1
HOG_REEF_64W_32N,32.457,-64.824,8/30/2014,9:16,414.2,2,9.13,387.3,2,8.8,1020.2,27,98.43,27.099,36.237,418,390.8,405.1,378.7,26.4,406.4,379.9,26.5
HOG_REEF_64W_32N,32.457,-64.824,8/30/2014,12:16,423.9,2,9.21,387.3,2,8.81,1021.4,26.8,98,27.026,36.237,427.8,390.8,415.2,379.3,35.9,416.5,380.5,36
HOG_REEF_64W_32N,32.457,-64.824,8/30/2014,15:16,450.5,2,9.52,386.2,2,9.01,1022.1,26.9,96.82,26.986,36.252,454.8,389.7,441.7,378.5,63.2,443.1,379.7,63.4
HOG_REEF_64W_32N,32.457,-64.824,8/30/2014,18:16,427.1,2,9.06,386.5,2,8.67,1021.6,27.3,97.24,27.085,36.254,431,389.8,418.3,378.4,39.9,419.6,379.6,40.1
HOG_REEF_64W_32N,32.457,-64.824,8/30/2014,21:16,415.1,2,8.86,386.4,2,8.61,1021.9,27.5,98.73,27.101,36.26,418.8,389.8,406.6,378.4,28.2,407.9,379.6,28.3
HOG_REEF_64W_32N,32.457,-64.824,8/31/2014,0:16,423.3,2,9.01,387,2,8.47,1022,27.2,98.73,26.955,36.26,427.1,390.3,414.8,379.1,35.7,416.1,380.3,35.8
HOG_REEF_64W_32N,32.457,-64.824,8/31/2014,3:16,433.6,2,8.96,387.1,2,8.48,1022.3,26.7,98.3,26.83,36.262,437.5,390.4,425.1,379.3,45.8,426.5,380.5,45.9
HOG_REEF_64W_32N,32.457,-64.824,8/31/2014,6:16,425.6,2,9.11,386.7,2,8.61,1021.9,26.5,98.22,26.849,36.254,429.6,390.1,417.2,378.9,38.4,418.6,380.1,38.5
HOG_REEF_64W_32N,32.457,-64.824,8/31/2014,9:16,429.9,2,9.07,386.7,2,8.59,1022.3,26.5,97.71,26.828,36.256,433.8,390.1,421.5,379,42.5,422.8,380.2,42.6
HOG_REEF_64W_32N,32.457,-64.824,8/31/2014,12:16,444.1,2,9.39,387.1,2,8.79,1023.4,26.5,96.81,26.76,36.265,448.3,390.5,436.1,379.9,56.2,437.5,381.1,56.4
HOG_REEF_64W_32N,32.457,-64.824,8/31/2014,15:16,431.1,2,9.55,386.6,2,8.91,1023.2,26.9,97.01,26.858,36.256,435.2,390.1,423.3,379.4,43.9,424.6,380.6,44
HOG_REEF_64W_32N,32.457,-64.824,8/31/2014,18:16,411.7,2,9.36,386.9,2,8.74,1022.4,27.7,98.13,26.956,36.269,415.6,390.3,403.8,379.2,24.5,405,380.4,24.6
HOG_REEF_64W_32N,32.457,-64.824,8/31/2014,21:16,406.9,2,8.9,388.3,2,8.48,1021.5,27.9,99.08,26.848,36.268,410.5,391.6,398.6,380.2,18.4,399.8,381.4,18.4
HOG_REEF_64W_32N,32.457,-64.824,9/1/2014,0:16,407.2,2,8.87,388.5,2,8.5,1022.4,27.6,99.32,26.758,36.27,410.9,391.8,399.4,380.8,18.5,400.6,382,18.6
HOG_REEF_64W_32N,32.457,-64.824,9/1/2014,3:16,420.2,2,9.21,388.2,2,8.88,1022.1,27,98.94,26.764,35.93,424.1,391.7,412.1,380.6,31.5,413.4,381.8,31.6
HOG_REEF_64W_32N,32.457,-64.824,9/1/2014,6:16,435.5,2,9.35,389.1,2,8.92,1021.5,26.7,98.08,26.809,36.158,439.6,392.6,426.8,381.2,45.6,428.2,382.4,45.8
HOG_REEF_64W_32N,32.457,-64.824,9/1/2014,9:16,454.2,2,9.26,389.4,2,8.82,1021.5,26.7,96.7,26.756,36.202,458.4,392.9,445.2,381.5,63.6,446.6,382.7,63.8
HOG_REEF_64W_32N,32.457,-64.824,9/1/2014,12:16,455.2,2,9.66,388.6,2,9.37,1022.3,26.8,95.89,26.727,36.193,459.7,392.2,446.8,381.2,65.5,448.2,382.4,65.8
HOG_REEF_64W_32N,32.457,-64.824,9/1/2014,15:16,416,2,9.71,388.9,2,9.33,1022.1,28.3,97.08,26.955,36.257,420,392.6,408,381.3,26.7,409.3,382.5,26.8
HOG_REEF_64W_32N,32.457,-64.824,9/1/2014,18:16,451.3,2,10.38,395.1,2,9.84,1021.4,30.6,98.14,27.191,36.249,456,399,442.4,387.1,55.3,443.8,388.3,55.5
HOG_REEF_64W_32N,32.457,-64.824,9/1/2014,21:16,487.8,2,10.97,396.7,2,10.06,1020.7,32.1,98.65,27.401,36.258,493.2,400.7,477.9,388.3,89.6,479.4,389.5,89.9
HOG_REEF_64W_32N,32.457,-64.824,9/2/2014,0:16,398.9,2,9.92,390.2,2,8.89,1021.7,32.1,99.18,27.167,36.234,402.9,393.8,391,382.1,8.8,392.2,383.3,8.9
HOG_REEF_64W_32N,32.457,-64.824,9/2/2014,3:16,402.2,2,10.02,390.6,2,9.32,1021,30.4,99.35,27.164,36.205,406.3,394.3,394,382.4,11.7,395.3,383.6,11.7
HOG_REEF_64W_32N,32.457,-64.824,9/2/2014,6:16,418.9,2,9.87,392.4,2,9.3,1020.6,29.2,98.76,27.013,36.236,423,396.1,410.2,384.1,26.1,411.5,385.3,26.2
HOG_REEF_64W_32N,32.457,-64.824,9/2/2014,9:16,424.3,2,9.88,388.6,2,9.31,1020.4,28.3,97.95,26.961,36.242,428.6,392.2,415.5,380.3,35.2,416.9,381.5,35.4
HOG_REEF_64W_32N,32.457,-64.824,9/2/2014,12:16,427.4,2,10.64,388.9,2,10.34,1021.3,28,97.36,27.01,36.245,432,393,419.2,381.4,37.8,420.5,382.6,38
HOG_REEF_64W_32N,32.457,-64.824,9/2/2014,15:16,416.9,2,10.63,387.9,2,10.2,1021.3,29.7,98.03,27.254,36.253,421.4,391.9,408.7,380.1,28.6,410,381.3,28.7
HOG_REEF_64W_32N,32.457,-64.824,9/2/2014,18:16,440.5,2,10.93,393.5,2,10.24,1020.6,32.2,98.84,27.445,36.261,445.4,397.6,431.5,385.2,46.3,432.8,386.4,46.4
HOG_REEF_64W_32N,32.457,-64.824,9/2/2014,21:16,434.6,2,10.7,390.5,2,9.08,1019.9,33.8,99.18,28.837,36.3,439.3,394.1,424.1,380.4,43.7,425.4,381.5,43.8
HOG_REEF_64W_32N,32.457,-64.824,9/3/2014,0:16,401,2,10.46,389.9,2,9.28,1020.4,33.2,100.16,27.774,36.271,405.3,393.6,392.3,381,11.3,393.5,382.2,11.3
HOG_REEF_64W_32N,32.457,-64.824,9/3/2014,3:16,412.8,2,10.68,390.2,2,9.78,1019.6,31.3,99.76,27.506,36.264,417.3,394,403.8,381.3,22.5,405.1,382.5,22.6
HOG_REEF_64W_32N,32.457,-64.824,9/3/2014,6:16,418.1,2,10.6,390.4,2,9.82,1019.3,30,99,27.468,36.265,422.5,394.2,408.8,381.4,27.4,410.1,382.6,27.5
HOG_REEF_64W_32N,32.457,-64.824,9/3/2014,9:16,419.6,2,10.42,390.5,2,9.7,1019.7,29.1,98.31,27.42,36.264,424,394.3,410.4,381.7,28.7,411.7,382.9,28.8
HOG_REEF_64W_32N,32.457,-64.824,9/3/2014,12:16,421.5,2,11.14,390,2,10.34,1021,28.7,97.69,27.367,36.262,426.3,394.1,413.2,382.1,31.2,414.5,383.3,31.3
HOG_REEF_64W_32N,32.457,-64.824,9/3/2014,15:16,399.5,2,10.53,388.7,2,9.52,1021.5,29.3,98.7,27.464,36.26,403.7,392.5,391.5,380.6,10.9,392.7,381.8,10.9
HOG_REEF_64W_32N,32.457,-64.824,9/3/2014,18:16,415.5,2,10.64,387.7,2,8.99,1020.8,30.8,99.11,28.067,36.262,420,391.2,406.4,378.6,27.9,407.7,379.7,27.9
HOG_REEF_64W_32N,32.457,-64.824,9/3/2014,21:16,408.9,2,10.95,388.1,2,9.13,1020.7,32.1,99.49,27.985,36.266,413.5,391.7,400.1,379.1,21,401.4,380.3,21.1
HOG_REEF_64W_32N,32.457,-64.824,9/4/2014,0:16,398.7,2,10.05,389,2,8.81,1022,31.9,100.61,28.065,36.277,402.8,392.5,390.3,380.3,10,391.5,381.5,10
HOG_REEF_64W_32N,32.457,-64.824,9/4/2014,3:16,410.6,2,10.37,389.8,2,9.46,1022,30.4,100.42,27.699,36.266,414.9,393.5,402.3,381.6,20.7,403.6,382.8,20.8
HOG_REEF_64W_32N,32.457,-64.824,9/4/2014,6:16,416.8,2,10.29,390,2,9.52,1021.6,29.5,99.9,27.442,36.266,421.1,393.8,408.4,381.9,26.5,409.7,383.1,26.6
HOG_REEF_64W_32N,32.457,-64.824,9/4/2014,9:16,420.3,2,10.04,390.1,2,9.38,1021.5,28.8,99.13,27.391,36.268,424.6,393.8,411.7,381.9,29.9,413,383.1,30
HOG_REEF_64W_32N,32.457,-64.824,9/4/2014,12:16,428.7,2,10.62,389.7,2,9.9,1023.2,28.4,98.24,27.385,36.27,433.3,393.6,421,382.3,38.6,422.3,383.5,38.8
HOG_REEF_64W_32N,32.457,-64.824,9/4/2014,15:16,422.7,2,10.33,389.4,2,9.3,1023.3,28.9,98.24,27.541,36.271,427.1,393,414.8,381.7,33.1,416.1,382.9,33.2
HOG_REEF_64W_32N,32.457,-64.824,9/4/2014,18:16,412.1,2,10.46,389.5,2,9.2,1021.6,30,98.81,27.882,36.298,416.5,393.1,403.6,380.9,22.6,404.8,382.1,22.7
HOG_REEF_64W_32N,32.457,-64.824,9/4/2014,21:16,408.1,2,10.42,389.6,2,9.29,1021,30.8,99.32,27.889,36.289,412.5,393.3,399.4,380.8,18.6,400.6,382,18.6
HOG_REEF_64W_32N,32.457,-64.824,9/5/2014,0:16,408,2,10.01,390.1,2,9.25,1022.1,30.2,99.81,27.825,36.291,412.2,393.8,399.6,381.8,17.8,400.8,382.9,17.9
HOG_REEF_64W_32N,32.457,-64.824,9/5/2014,3:16,422.8,2,10.12,389.5,2,9.48,1022.1,29.2,99.41,27.768,36.29,427.1,393.3,414.1,381.3,32.8,415.4,382.5,32.9
HOG_REEF_64W_32N,32.457,-64.824,9/5/2014,6:16,423.7,2,10.1,388.9,2,9.56,1021.5,28.6,98.64,27.492,36.286,428.1,392.7,415.1,380.8,34.3,416.4,382,34.4
HOG_REEF_64W_32N,32.457,-64.824,9/5/2014,9:16,421.6,2,10.07,389.3,2,9.59,1020.9,28.2,98.15,27.34,36.284,425.9,393.1,412.8,381.1,31.8,414.1,382.2,31.9
HOG_REEF_64W_32N,32.457,-64.824,9/5/2014,12:16,422.5,2,10.54,390.2,2,10.1,1022.1,28,97.73,27.31,36.285,427,394.2,414.5,382.6,31.9,415.8,383.8,32
HOG_REEF_64W_32N,32.457,-64.824,9/5/2014,15:16,421.6,2,10.34,390.1,2,9.5,1021.6,28.9,97.88,27.597,36.289,426,393.8,413,381.8,31.2,414.3,383,31.3
HOG_REEF_64W_32N,32.457,-64.824,9/5/2014,18:16,419.2,2,10.57,390.4,2,9.46,1020.2,30.5,98.5,28.114,36.291,423.7,394.1,409.7,381.2,28.6,411,382.3,28.7
HOG_REEF_64W_32N,32.457,-64.824,9/5/2014,21:16,396.3,2,10.61,390.4,2,9.58,1020.1,31,99.84,27.724,36.284,400.6,394.2,387.7,381.5,6.1,388.9,382.7,6.2
HOG_REEF_64W_32N,32.457,-64.824,9/6/2014,0:16,403.6,2,10.19,390.5,2,9.64,1020.1,30.3,100.29,27.71,36.287,407.8,394.3,394.6,381.6,13,395.8,382.8,13.1
HOG_REEF_64W_32N,32.457,-64.824,9/6/2014,3:16,411.8,2,10.35,392.8,2,9.81,1020,29.3,100.28,27.747,36.293,416.1,396.7,402.6,383.9,18.8,403.9,385.1,18.8
HOG_REEF_64W_32N,32.457,-64.824,9/6/2014,6:16,428.2,2,10.12,391.5,2,9.57,1018.4,28.7,99.3,27.637,36.291,432.6,395.3,418,381.9,36.1,419.3,383.1,36.2
HOG_REEF_64W_32N,32.457,-64.824,9/6/2014,9:16,427,2,10.04,392.5,2,9.46,1018.8,28.3,98.43,27.482,36.287,431.4,396.3,417.1,383.2,33.9,418.4,384.4,34
HOG_REEF_64W_32N,32.457,-64.824,9/6/2014,12:16,426.5,2,10.97,391.4,2,10.44,1020,28.1,97.98,27.45,36.285,431.2,395.5,417.6,383,34.6,418.9,384.2,34.7
HOG_REEF_64W_32N,32.457,-64.824,9/6/2014,15:16,430.1,2,10.29,391,2,9.21,1019.8,29.5,97.83,27.785,36.289,434.6,394.7,420.4,381.8,38.6,421.7,383,38.7
HOG_REEF_64W_32N,32.457,-64.824,9/6/2014,18:16,425.9,2,10.1,390.6,2,8.67,1018.6,31.3,98.31,28.012,36.293,430.3,394,415.5,380.5,35.1,416.8,381.7,35.2
HOG_REEF_64W_32N,32.457,-64.824,9/6/2014,21:16,416.2,2,10.98,390.4,2,9.24,1018.3,32.3,99.33,28.039,36.295,420.9,394,406.3,380.4,25.9,407.5,381.5,26
HOG_REEF_64W_32N,32.457,-64.824,9/7/2014,0:16,396.1,2,10.59,391,2,9.32,1019,31.9,100.93,27.812,36.288,400.4,394.7,386.9,381.5,5.5,388.2,382.7,5.5
HOG_REEF_64W_32N,32.457,-64.824,9/7/2014,3:16,410.3,2,10.76,391,2,9.74,1019,30.4,101.25,27.811,36.294,414.7,394.8,400.8,381.6,19.2,402.1,382.8,19.3
HOG_REEF_64W_32N,32.457,-64.824,9/7/2014,6:16,420.7,2,10.54,391,2,9.63,1018.5,29.3,100.78,27.764,36.295,425.2,394.8,410.8,381.4,29.4,412.1,382.6,29.5
HOG_REEF_64W_32N,32.457,-64.824,9/7/2014,9:16,440.3,2,10.14,391.2,2,9.3,1018.2,28.6,99.31,27.635,36.29,444.8,394.9,429.7,381.5,48.2,431,382.7,48.4
HOG_REEF_64W_32N,32.457,-64.824,9/7/2014,12:16,441.9,2,11.25,390.2,2,10.64,1019.1,28.2,98.02,27.475,36.286,447,394.4,432.4,381.5,50.9,433.7,382.7,51
HOG_REEF_64W_32N,32.457,-64.824,9/7/2014,15:16,431.7,2,10.76,390.1,2,9.6,1019.9,29.7,98.1,27.797,36.294,436.4,393.9,422.2,381.1,41.1,423.5,382.3,41.2
HOG_REEF_64W_32N,32.457,-64.824,9/7/2014,18:16,440.2,2,10.78,390,2,9.13,1019.3,31.1,98.31,27.97,36.295,445,393.6,430.1,380.4,49.7,431.4,381.5,49.9
HOG_REEF_64W_32N,32.457,-64.824,9/7/2014,21:16,431.6,2,11.33,389.4,2,9.46,1019.2,32.4,99.07,28.202,36.307,436.6,393.2,421.7,379.8,41.9,423,381,42.1
HOG_REEF_64W_32N,32.457,-64.824,9/8/2014,0:16,406.8,2,10.28,390.8,2,9.07,1019.4,32,100.18,27.854,36.293,411,394.4,397.4,381.3,16.1,398.6,382.5,16.2
HOG_REEF_64W_32N,32.457,-64.824,9/8/2014,3:16,416.5,2,10.29,391.4,2,9.32,1019.9,30.4,100.22,27.745,36.292,420.9,395.1,407.2,382.2,25,408.5,383.4,25
HOG_REEF_64W_32N,32.457,-64.824,9/8/2014,6:16,439.9,2,10.31,391.4,2,9.44,1020.1,29.2,99.43,27.777,36.298,444.5,395.2,430.1,382.4,47.7,431.4,383.6,47.9
HOG_REEF_64W_32N,32.457,-64.824,9/8/2014,9:16,445.5,2,10.16,390.4,2,9.35,1020,28.6,98.49,27.743,36.298,450.1,394.1,435.6,381.4,54.2,436.9,382.6,54.4
HOG_REEF_64W_32N,32.457,-64.824,9/8/2014,12:16,452.9,2,11.15,389.4,2,10.48,1021,28.3,97.4,27.626,36.297,458,393.6,443.7,381.3,62.4,445.1,382.5,62.6
HOG_REEF_64W_32N,32.457,-64.824,9/8/2014,15:16,429.6,2,10.59,389.6,2,9.4,1021.9,29.7,97.81,27.829,36.297,434.2,393.3,420.9,381.2,39.7,422.2,382.4,39.8
HOG_REEF_64W_32N,32.457,-64.824,9/8/2014,18:16,433.9,2,10.41,390.3,2,8.73,1021.1,32.4,98.89,28.389,36.306,438.4,393.7,424.1,380.9,43.3,425.4,382,43.4
HOG_REEF_64W_32N,32.457,-64.824,9/8/2014,21:16,429.7,2,11.09,388.8,2,9.25,1021,33.9,99.32,28.706,36.325,434.5,392.4,420,379.3,40.7,421.3,380.5,40.8
HOG_REEF_64W_32N,32.457,-64.824,9/9/2014,0:16,420,2,10.55,390.4,2,9.27,1021.1,33.1,99.79,28.285,36.314,424.4,394.1,410.7,381.3,29.4,412,382.5,29.5
HOG_REEF_64W_32N,32.457,-64.824,9/9/2014,3:16,435.7,2,10.64,391.8,2,9.6,1021.6,31.2,99.36,28.185,36.314,440.4,395.6,426.4,383.1,43.3,427.7,384.3,43.5
HOG_REEF_64W_32N,32.457,-64.824,9/9/2014,6:16,450.2,2,10.52,391.2,2,9.65,1020.6,30,98.52,28.135,36.314,455,395,440.2,382.1,58.1,441.6,383.3,58.3
HOG_REEF_64W_32N,32.457,-64.824,9/9/2014,9:16,463.8,2,10.32,391.9,2,9.46,1020.4,29,97.35,28.056,36.315,468.7,395.7,453.4,382.8,70.6,454.8,384,70.8
HOG_REEF_64W_32N,32.457,-64.824,9/9/2014,12:16,481.4,2,11.35,390.7,2,10.57,1020.9,28.7,95.78,28.115,36.32,486.9,394.9,471.2,382.1,89.1,472.7,383.3,89.4
HOG_REEF_64W_32N,32.457,-64.824,9/9/2014,15:16,446.1,2,10.84,390.8,2,9.4,1021.3,30.3,96.6,28.141,36.305,451,394.5,436.6,381.9,54.7,438,383.1,54.9
HOG_REEF_64W_32N,32.457,-64.824,9/9/2014,18:16,445,2,10.48,390.9,2,8.53,1020.9,33.1,98.05,28.617,36.314,449.7,394.3,434.7,381.1,53.6,436.1,382.3,53.8
HOG_REEF_64W_32N,32.457,-64.824,9/9/2014,21:16,462.5,2,11.28,389.1,2,9.01,1019.4,34.9,98.71,29.284,36.318,467.8,392.6,450.9,378.4,72.5,452.2,379.5,72.7
HOG_REEF_64W_32N,32.457,-64.824,9/10/2014,0:16,435.1,2,10.58,390.7,2,8.91,1019.8,33.7,99.39,28.673,36.326,439.8,394.2,424.6,380.6,44,425.9,381.7,44.2
HOG_REEF_64W_32N,32.457,-64.824,9/10/2014,3:16,454.6,2,10.65,391,2,9.34,1019.8,31.5,98.75,28.273,36.299,459.5,394.7,444,381.4,62.6,445.4,382.6,62.7
HOG_REEF_64W_32N,32.457,-64.824,9/10/2014,6:16,476,2,10.53,390.7,2,9.39,1018.6,30,97.55,28.312,36.308,481,394.4,464.2,380.6,83.7,465.7,381.8,83.9
HOG_REEF_64W_32N,32.457,-64.824,9/10/2014,9:16,480.4,2,10.26,390.5,2,9.21,1018.1,29,96.74,28.333,36.315,485.3,394.1,468.1,380.1,88,469.6,381.3,88.3
HOG_REEF_64W_32N,32.457,-64.824,9/10/2014,12:16,484,2,11.4,389.4,2,9.95,1018.9,28.5,95.61,28.148,36.299,489.6,393.3,472.8,379.8,93,474.3,381,93.3
HOG_REEF_64W_32N,32.457,-64.824,9/10/2014,15:16,454.8,2,10.92,389,2,9.05,1019.7,30.2,96.21,28.266,36.276,459.8,392.5,444.3,379.3,65,445.7,380.5,65.2
HOG_REEF_64W_32N,32.457,-64.824,9/10/2014,18:16,468.4,2,10.42,389,2,8.49,1018.3,32.5,96.66,28.604,36.302,473.3,392.4,456.4,378.3,78.1,457.8,379.5,78.3
HOG_REEF_64W_32N,32.457,-64.824,9/10/2014,21:16,456.5,2,11,389.4,2,9.12,1017.9,33.5,97.78,28.689,36.318,461.6,392.9,444.8,378.6,66.1,446.1,379.8,66.3
HOG_REEF_64W_32N,32.457,-64.824,9/11/2014,0:16,435.8,2,11.11,390.3,2,9.68,1018.2,32.6,98.48,28.198,36.294,440.7,394.1,425.3,380.3,45,426.6,381.5,45.1
HOG_REEF_64W_32N,32.457,-64.824,9/11/2014,3:16,452.7,2,11,390.4,2,9.98,1017.7,30.8,98.13,28.068,36.287,457.8,394.4,441.6,380.4,61.2,443,381.6,61.4
HOG_REEF_64W_32N,32.457,-64.824,9/11/2014,6:16,470.7,2,10.73,390.6,2,9.77,1017,29.7,97.25,28.137,36.293,475.8,394.5,458.6,380.2,78.4,460,381.4,78.6
HOG_REEF_64W_32N,32.457,-64.824,9/11/2014,9:16,471.9,2,10.61,390.4,2,9.75,1016.6,29,97.18,28.38,36.308,476.9,394.3,459.3,379.7,79.6,460.7,380.9,79.8
HOG_REEF_64W_32N,32.457,-64.824,9/11/2014,12:16,488.9,2,11.23,390.2,2,10.01,1017.5,28.8,96.08,28.233,36.305,494.5,394.1,476.8,380,96.8,478.3,381.2,97.1
HOG_REEF_64W_32N,32.457,-64.824,9/11/2014,15:16,472.5,2,10.98,389.7,2,9.47,1017.7,29.9,95.74,28.111,36.3,477.8,393.5,460.9,379.5,81.3,462.3,380.7,81.6
HOG_REEF_64W_32N,32.457,-64.824,9/11/2014,18:16,463.7,2,10.55,389.8,2,9.04,1016.6,31.6,96.97,28.528,36.309,468.7,393.4,451.2,378.7,72.5,452.6,379.8,72.7
HOG_REEF_64W_32N,32.457,-64.824,9/11/2014,21:16,449.2,2,11.23,389.9,2,9.66,1015.9,32.3,98.49,28.66,36.319,454.3,393.7,436.9,378.6,58.3,438.2,379.8,58.5
HOG_REEF_64W_32N,32.457,-64.824,9/12/2014,0:16,446.6,2,11.33,390.9,2,9.87,1016.6,31.6,99.46,28.461,36.309,451.8,394.8,435,380.1,54.9,436.3,381.3,55
HOG_REEF_64W_32N,32.457,-64.824,9/12/2014,3:16,457.1,2,11,390.8,2,10.03,1016.9,30.2,98.73,28.235,36.309,462.2,394.8,445.4,380.4,65,446.8,381.6,65.2
HOG_REEF_64W_32N,32.457,-64.824,9/12/2014,6:16,475.2,2,10.83,390.9,2,10.01,1015.9,29.5,97.55,28.153,36.313,480.4,394.8,462.5,380.1,82.4,464,381.3,82.7
HOG_REEF_64W_32N,32.457,-64.824,9/12/2014,9:16,479.4,2,10.72,390.8,2,9.96,1016.1,29,97.24,28.346,36.325,484.6,394.7,466.5,379.9,86.5,467.9,381.1,86.8
HOG_REEF_64W_32N,32.457,-64.824,9/12/2014,12:16,492.4,2,10.9,390.4,2,10.26,1016.7,28.7,96.19,28.188,36.321,497.8,394.5,479.6,380.1,99.5,481.1,381.3,99.8
HOG_REEF_64W_32N,32.457,-64.824,9/12/2014,15:16,464.9,2,11.03,390.2,2,9.93,1017,29.3,96.2,28.061,36.298,470.1,394.1,453.2,379.9,73.3,454.6,381.1,73.5
HOG_REEF_64W_32N,32.457,-64.824,9/12/2014,18:16,465.8,2,11.25,390.2,2,10.02,1015.8,30.3,96.81,28.281,36.305,471.1,394.1,453.3,379.3,74.1,454.7,380.4,74.3
HOG_REEF_64W_32N,32.457,-64.824,9/12/2014,21:16,463.1,2,11.41,390.1,2,10.13,1016,31.4,97.6,28.51,36.334,468.4,394.1,450.6,379.1,71.5,452,380.3,71.7
HOG_REEF_64W_32N,32.457,-64.824,9/13/2014,0:16,470.8,2,10.86,390.6,2,10.04,1016.6,31,97.8,28.458,36.339,476,394.6,458.3,379.9,78.4,459.7,381.1,78.6
HOG_REEF_64W_32N,32.457,-64.824,9/13/2014,3:16,461.3,2,10.95,390.9,2,10.27,1017,30,97.63,28.116,36.313,466.4,395,449.6,380.7,68.9,450.9,381.9,69.1
HOG_REEF_64W_32N,32.457,-64.824,9/13/2014,6:16,497.2,2,10.75,391,2,10.36,1016.3,29.4,96.43,28.15,36.316,502.6,395.1,484.1,380.5,103.5,485.5,381.7,103.8
HOG_REEF_64W_32N,32.457,-64.824,9/13/2014,9:16,490.3,2,10.79,391,2,10.32,1016.6,28.8,95.96,28.303,36.343,495.6,395,477.4,380.5,96.9,478.8,381.7,97.2
HOG_REEF_64W_32N,32.457,-64.824,9/13/2014,12:16,501.4,2,11.45,390.2,2,11.07,1018.2,28.6,95.3,28.248,36.343,507.2,394.6,489.4,380.7,108.7,490.9,381.8,109
HOG_REEF_64W_32N,32.457,-64.824,9/13/2014,15:16,479.4,2,11.37,390.2,2,10.42,1018.8,29.6,95.24,28.106,36.317,484.9,394.3,468.2,380.8,87.5,469.7,381.9,87.7
HOG_REEF_64W_32N,32.457,-64.824,9/13/2014,18:16,485.1,2,11.3,390.3,2,10.04,1018.1,31.2,95.78,28.371,36.323,490.6,394.2,473.2,380.2,93,474.7,381.4,93.3
HOG_REEF_64W_32N,32.457,-64.824,9/13/2014,21:16,462.8,2,11.56,390.1,2,10.3,1018.9,32.1,97.42,28.579,36.341,468.2,394.1,451.7,380.2,71.5,453.1,381.4,71.7
HOG_REEF_64W_32N,32.457,-64.824,9/14/2014,0:16,456.4,2,11.17,390.7,2,10.37,1019.8,31.4,98.46,28.397,36.331,461.6,394.8,445.9,381.4,64.5,447.3,382.6,64.7
HOG_REEF_64W_32N,32.457,-64.824,9/14/2014,3:16,451.7,2,11.19,390.7,2,10.58,1019.7,30.2,98.22,28.007,36.317,456.8,394.9,441.6,381.7,59.9,443,382.9,60.1
HOG_REEF_64W_32N,32.457,-64.824,9/14/2014,6:16,466.7,2,11,390.7,2,10.49,1019.8,29.4,97.38,27.92,36.316,471.9,394.8,456.4,381.8,74.5,457.8,383,74.8
HOG_REEF_64W_32N,32.457,-64.824,9/14/2014,9:16,479,2,10.85,390.8,2,10.37,1020.4,28.9,96.98,28.121,36.338,484.3,394.9,468.4,381.9,86.5,469.8,383.1,86.7
HOG_REEF_64W_32N,32.457,-64.824,9/14/2014,12:16,487.4,2,11.22,390.3,2,10.84,1021.7,28.7,96.45,28.099,36.34,492.9,394.6,477.4,382.2,95.2,478.9,383.4,95.5
HOG_REEF_64W_32N,32.457,-64.824,9/14/2014,15:16,485.2,2,11,389.6,2,10.1,1021.7,29.4,96.35,28.243,36.342,490.6,393.5,475.1,381.1,94,476.5,382.2,94.3
HOG_REEF_64W_32N,32.457,-64.824,9/14/2014,18:16,479.3,2,11.42,389.3,2,10.2,1021.2,30.4,96.94,28.605,36.348,484.8,393.3,468.8,380.3,88.5,470.3,381.5,88.8
HOG_REEF_64W_32N,32.457,-64.824,9/14/2014,21:16,462.5,2,11.59,389.2,2,10.11,1021.3,31.3,97.91,28.624,36.356,467.9,393.2,452.5,380.2,72.3,453.9,381.4,72.5
HOG_REEF_64W_32N,32.457,-64.824,9/15/2014,0:16,472.5,2,10.99,390.6,2,9.93,1021.8,31,98.05,28.607,36.36,477.8,394.5,462.3,381.7,80.6,463.7,382.9,80.9
HOG_REEF_64W_32N,32.457,-64.824,9/15/2014,3:16,481.8,2,10.99,391.6,2,10.16,1021.5,30,97.51,28.475,36.35,487.1,395.6,471.3,382.8,88.5,472.8,384,88.8
HOG_REEF_64W_32N,32.457,-64.824,9/15/2014,6:16,488.5,2,10.99,391.2,2,10.26,1020.4,29.3,97.03,28.414,36.35,493.9,395.3,477.4,382.1,95.4,478.9,383.3,95.7
HOG_REEF_64W_32N,32.457,-64.824,9/15/2014,9:16,488.9,2,11.05,391.1,2,10.41,1020.4,28.8,96.43,28.454,36.34,494.3,395.3,477.8,382,95.8,479.3,383.2,96.1
HOG_REEF_64W_32N,32.457,-64.824,9/15/2014,12:16,471.6,2,11.6,390.6,2,10.74,1021.2,28.7,96.97,28.485,36.348,477.2,394.8,461.5,381.9,79.6,463,383.1,79.9
HOG_REEF_64W_32N,32.457,-64.824,9/15/2014,15:16,458.8,2,11.44,390.4,2,10.18,1020.8,29.7,97.99,28.805,36.319,464.1,394.4,448.4,381.1,67.4,449.8,382.2,67.6
HOG_REEF_64W_32N,32.457,-64.824,9/15/2014,18:16,499.1,2,11.5,390.4,2,10,1019.5,31.2,97.58,29.044,36.364,504.9,394.3,486.9,380.3,106.6,488.4,381.4,107
HOG_REEF_64W_32N,32.457,-64.824,9/15/2014,21:16,474.5,2,11.66,390.5,2,10.33,1018.9,31.9,98.33,28.793,36.354,480.1,394.6,463,380.5,82.5,464.4,381.7,82.8
HOG_REEF_64W_32N,32.457,-64.824,9/16/2014,0:16,461.4,2,11.14,391.2,2,10.09,1018.9,31.3,99.38,28.803,36.353,466.6,395.1,450,381,68.9,451.3,382.2,69.1
HOG_REEF_64W_32N,32.457,-64.824,9/16/2014,3:16,500,2,11.27,391.2,2,10.47,1017.7,30.2,98.38,28.598,36.354,505.7,395.3,487.3,380.9,106.4,488.8,382.1,106.7
HOG_REEF_64W_32N,32.457,-64.824,9/16/2014,6:16,516.8,2,11.18,391.1,2,10.45,1016.6,29.4,96.99,28.503,36.354,522.6,395.3,503.1,380.5,122.6,504.7,381.7,123
HOG_REEF_64W_32N,32.457,-64.824,9/16/2014,9:16,528.9,2,11.16,391.1,2,10.56,1015.8,28.9,95.67,28.495,36.359,534.9,395.3,514.5,380.2,134.3,516.1,381.4,134.7
HOG_REEF_64W_32N,32.457,-64.824,9/16/2014,12:16,522.3,2,11.37,390.9,2,10.48,1015.9,28.6,95.12,28.54,36.359,528.3,395,508.2,380,128.2,509.8,381.2,128.6
HOG_REEF_64W_32N,32.457,-64.824,9/16/2014,15:16,537.1,2,11.18,390.5,2,10.57,1014.7,29.1,94.65,28.592,36.362,543.2,394.7,521.9,379.1,142.7,523.5,380.3,143.1
HOG_REEF_64W_32N,32.457,-64.824,9/16/2014,18:16,500,2,11.17,390.8,2,10.56,1012.7,29.6,95.95,28.572,36.353,505.7,395,484.8,378.7,106.1,486.3,379.8,106.5
HOG_REEF_64W_32N,32.457,-64.824,9/16/2014,21:16,479,2,11.44,390.8,2,10.62,1012.4,29.4,97.61,28.567,36.349,484.6,395,464.5,378.6,85.9,465.9,379.7,86.2
HOG_REEF_64W_32N,32.457,-64.824,9/17/2014,0:16,489.5,2,11.06,391.1,2,10.52,1012.4,29,98.01,28.507,36.351,495,395.2,474.4,378.8,95.6,475.9,380,95.9
HOG_REEF_64W_32N,32.457,-64.824,9/17/2014,3:16,502,2,11.13,391.1,2,10.59,1012.2,28.6,97.79,28.453,36.354,507.7,395.3,486.6,378.9,107.7,488.1,380.1,108
HOG_REEF_64W_32N,32.457,-64.824,9/17/2014,6:16,520.4,2,11.27,392,2,10.75,1010.7,28.3,97.08,28.379,36.357,526.3,396.3,503.8,379.3,124.5,505.3,380.5,124.8
HOG_REEF_64W_32N,32.457,-64.824,9/17/2014,9:16,549.7,2,11.27,391.6,2,10.75,1010.6,28.3,95.42,28.292,36.353,556,395.9,532.2,379,153.2,533.9,380.1,153.7
HOG_REEF_64W_32N,32.457,-64.824,9/17/2014,12:16,549.6,2,11.5,391.5,2,11.05,1011.8,28.3,95.04,28.252,36.349,556,395.8,532.9,379.4,153.5,534.6,380.6,154
HOG_REEF_64W_32N,32.457,-64.824,9/17/2014,15:16,522.1,2,11.68,391.3,2,10.88,1012.1,28.8,95.1,28.358,36.346,528.3,395.6,506.4,379.3,127.2,508,380.4,127.6
HOG_REEF_64W_32N,32.457,-64.824,9/17/2014,18:16,511.2,2,11.55,391.8,2,10.33,1011.8,30.4,96.22,28.69,36.357,517.1,395.9,495.2,379.1,116.1,496.7,380.3,116.5
HOG_REEF_64W_32N,32.457,-64.824,9/17/2014,21:16,495.8,2,11.4,391.4,2,10.71,1012.6,30.5,97.81,28.622,36.354,501.5,395.6,480.7,379.2,101.5,482.2,380.4,101.8
HOG_REEF_64W_32N,32.457,-64.824,9/18/2014,0:16,522.3,2,11.39,391.6,2,10.82,1013.6,29.7,97.64,28.556,36.36,528.3,395.9,507,379.9,127.1,508.5,381,127.5
HOG_REEF_64W_32N,32.457,-64.824,9/18/2014,3:16,555.8,2,11.44,391.9,2,10.9,1013.5,29.1,95.99,28.409,36.369,562.2,396.2,539.7,380.3,159.4,541.3,381.5,159.9
HOG_REEF_64W_32N,32.457,-64.824,9/18/2014,6:16,562.3,2,11.47,391.2,2,10.94,1012.3,28.7,94.97,28.328,36.371,568.8,395.6,545.4,379.3,166.1,547.1,380.4,166.6
HOG_REEF_64W_32N,32.457,-64.824,9/18/2014,9:16,532.1,2,11.4,390.7,2,10.85,1011.9,28.4,94.74,28.197,36.354,538.3,395,516.1,378.7,137.4,517.7,379.9,137.8
HOG_REEF_64W_32N,32.457,-64.824,9/18/2014,12:16,506.5,2,10.99,390,2,10.56,1012.8,28.3,95.63,28.08,36.34,512.2,394.2,491.6,378.4,113.2,493.1,379.6,113.6
HOG_REEF_64W_32N,32.457,-64.824,9/18/2014,15:16,475.4,2,11.63,389.6,2,11.27,1012.5,28.2,96.56,28.083,36.343,481,394.1,461.6,378.1,83.4,463,379.3,83.7
HOG_REEF_64W_32N,32.457,-64.824,9/18/2014,18:16,446.3,2,10.92,390.5,2,10.49,1011.6,28.3,98.79,27.981,36.305,451.3,394.7,432.7,378.4,54.3,434,379.6,54.4
HOG_REEF_64W_32N,32.457,-64.824,9/18/2014,21:16,447.6,2,11.25,390.6,2,10.72,1011.5,28.1,99.52,27.823,36.318,452.7,394.8,434.2,378.7,55.5,435.5,379.9,55.7
HOG_REEF_64W_32N,32.457,-64.824,9/19/2014,0:16,459.2,2,10.95,391.4,2,10.56,1012.7,27.9,99.12,27.729,36.321,464.3,395.6,445.9,380,66,447.3,381.1,66.2
HOG_REEF_64W_32N,32.457,-64.824,9/19/2014,3:16,471.1,2,11.02,391.1,2,10.59,1013.2,27.8,98.04,27.65,36.322,476.4,395.3,457.9,379.9,78,459.3,381.1,78.2
HOG_REEF_64W_32N,32.457,-64.824,9/19/2014,6:16,463.9,2,10.48,391.8,2,10.14,1012.8,27.6,97.13,27.515,36.246,468.8,395.8,450.6,380.4,70.2,452,381.5,70.4
HOG_REEF_64W_32N,32.457,-64.824,9/19/2014,9:16,471,2,10.57,391.7,2,10.2,1013.6,27.2,96.03,27.471,36.235,476.1,395.7,458,380.7,77.3,459.4,381.8,77.5
HOG_REEF_64W_32N,32.457,-64.824,9/19/2014,12:16,479.2,2,10.36,391,2,10.08,1015.7,26.9,95.11,27.41,36.202,484.2,395,466.8,380.8,86,468.3,382,86.3
HOG_REEF_64W_32N,32.457,-64.824,9/19/2014,15:16,478.3,2,11.29,390.1,2,10.7,1016.9,26.9,95.22,27.46,36.205,483.8,394.3,466.9,380.6,86.3,468.4,381.8,86.6
HOG_REEF_64W_32N,32.457,-64.824,9/19/2014,18:16,446.7,2,11.4,390.1,2,10.4,1016.3,27.7,96.92,27.709,36.251,451.8,394.2,435.6,380.1,55.6,437,381.2,55.7
HOG_REEF_64W_32N,32.457,-64.824,9/19/2014,21:16,430,2,11.1,390.4,2,10.07,1017,28.8,98.97,27.7,36.245,434.8,394.3,419.5,380.5,39.1,420.8,381.6,39.2
HOG_REEF_64W_32N,32.457,-64.824,9/20/2014,0:16,419.4,2,11.28,389.6,2,10.35,1018.8,28.6,100.69,27.754,36.26,424.2,393.7,410,380.5,29.5,411.3,381.7,29.6
HOG_REEF_64W_32N,32.457,-64.824,9/20/2014,3:16,464.9,2,11.19,388.4,2,10.5,1019.7,28,99.67,27.706,36.266,470.1,392.5,454.8,379.7,75.1,456.2,380.9,75.3
HOG_REEF_64W_32N,32.457,-64.824,9/20/2014,6:16,479.7,2,11.15,386.5,2,10.37,1019,27.7,98.44,27.649,36.274,485.1,390.5,469,377.6,91.5,470.5,378.7,91.7
HOG_REEF_64W_32N,32.457,-64.824,9/20/2014,9:16,475.6,2,11.02,387.1,2,10.26,1019.3,27.4,97.32,27.552,36.263,480.9,391.1,465.2,378.4,86.8,466.6,379.5,87.1
HOG_REEF_64W_32N,32.457,-64.824,9/20/2014,12:16,484,2,11.58,388,2,10.82,1020.4,27.4,96.21,27.446,36.247,489.7,392.3,474.3,380,94.3,475.8,381.2,94.6
HOG_REEF_64W_32N,32.457,-64.824,9/20/2014,15:16,467.5,2,11.03,388.5,2,10.14,1021.2,28.1,96.72,27.639,36.268,472.7,392.5,458,380.3,77.7,459.5,381.5,77.9
HOG_REEF_64W_32N,32.457,-64.824,9/20/2014,18:16,468,2,11.74,390.1,2,10.37,1019.6,29.6,97.28,27.954,36.271,473.5,394.2,457.8,381.1,76.7,459.2,382.3,76.9
HOG_REEF_64W_32N,32.457,-64.824,9/20/2014,21:16,430.8,2,11.86,390.9,2,10.38,1020.2,30.9,98.16,27.638,36.275,436,395,422,382.4,39.6,423.4,383.6,39.7
HOG_REEF_64W_32N,32.457,-64.824,9/21/2014,0:16,437.8,2,11.44,391,2,10.5,1021,30.7,98.43,27.595,36.279,442.9,395.2,429.1,382.9,46.2,430.4,384.1,46.3
HOG_REEF_64W_32N,32.457,-64.824,9/21/2014,3:16,441.2,2,11.66,390.4,2,10.9,1021,29.7,99.19,27.747,36.269,446.4,394.7,432.4,382.4,50.1,433.8,383.6,50.2
HOG_REEF_64W_32N,32.457,-64.824,9/21/2014,6:16,456.9,2,11.62,390,2,10.91,1020,29,99.31,27.801,36.278,462.3,394.3,447.3,381.5,65.8,448.7,382.7,66
HOG_REEF_64W_32N,32.457,-64.824,9/21/2014,9:16,476,2,11.54,390.4,2,10.9,1019.7,28.6,98.43,27.702,36.276,481.6,394.7,465.9,381.9,84,467.3,383.1,84.3
HOG_REEF_64W_32N,32.457,-64.824,9/21/2014,12:16,491.1,2,12.01,389.7,2,11.29,1020.6,28.4,96.83,27.534,36.288,497.1,394.2,481.5,381.8,99.7,483,383,100
HOG_REEF_64W_32N,32.457,-64.824,9/21/2014,15:16,471.5,2,12.11,389,2,11.4,1020.5,28.6,97.46,27.733,36.278,477.3,393.5,462.1,381,81.1,463.5,382.2,81.4
HOG_REEF_64W_32N,32.457,-64.824,9/21/2014,18:16,444.6,2,12.09,389.3,2,11.15,1018.9,29.3,99.06,27.827,36.279,450.1,393.7,435,380.5,54.5,436.3,381.7,54.6
HOG_REEF_64W_32N,32.457,-64.824,9/21/2014,21:16,439.4,2,11.91,389.4,2,11.08,1018.5,29.7,99.43,27.666,36.31,444.7,393.8,429.8,380.5,49.2,431.1,381.7,49.4
HOG_REEF_64W_32N,32.457,-64.824,9/22/2014,0:16,444.9,2,11.65,390.2,2,11.07,1019.7,29.4,99,27.558,36.327,450.2,394.6,435.6,381.9,53.8,437,383.1,53.9
HOG_REEF_64W_32N,32.457,-64.824,9/22/2014,3:16,460.1,2,11.65,389.9,2,11.14,1018.4,29,98.04,27.484,36.332,465.6,394.3,450,381.1,68.9,451.4,382.3,69.1
HOG_REEF_64W_32N,32.457,-64.824,9/22/2014,6:16,454,2,11.66,389.9,2,11.22,1017.8,28.8,98.55,27.717,36.301,459.4,394.3,443.5,380.7,62.8,444.9,381.9,63
HOG_REEF_64W_32N,32.457,-64.824,9/22/2014,9:16,480.8,2,11.09,390.3,2,10.74,1018.2,28.5,97,27.365,36.189,486.2,394.5,470,381.3,88.7,471.4,382.5,88.9
HOG_REEF_64W_32N,32.457,-64.824,9/22/2014,12:16,478.8,2,11.41,390.1,2,11.03,1019.6,28.1,95.93,27.218,36.303,484.3,394.4,469,381.9,87,470.4,383.1,87.3
HOG_REEF_64W_32N,32.457,-64.824,9/22/2014,15:16,475.4,2,11.73,390,2,11.27,1020.2,27.9,95.66,27.153,36.29,481,394.5,466.2,382.3,83.9,467.6,383.5,84.1
HOG_REEF_64W_32N,32.457,-64.824,9/22/2014,18:16,455.3,2,12.12,389.5,2,11.57,1019.3,28.1,96.88,27.481,36.237,460.9,394.1,445.9,381.3,64.6,447.3,382.5,64.8
HOG_REEF_64W_32N,32.457,-64.824,9/22/2014,21:16,445.7,2,11.94,389.9,2,11.23,1019.4,28.9,97.98,27.325,36.286,451.1,394.3,436.6,381.6,55,438,382.8,55.2
HOG_REEF_64W_32N,32.457,-64.824,9/23/2014,0:16,450.8,2,11.37,391,2,10.91,1020.1,29.1,98.48,27.274,36.313,456,395.3,441.7,382.9,58.8,443.1,384.1,59
HOG_REEF_64W_32N,32.457,-64.824,9/23/2014,3:16,452.4,2,11.47,390.2,2,11.02,1020.5,28.8,98.77,27.44,36.259,457.7,394.5,443.4,382.2,61.2,444.8,383.4,61.3
HOG_REEF_64W_32N,32.457,-64.824,9/23/2014,6:16,464.1,2,11.38,390.1,2,10.94,1020.2,28.5,98.56,27.629,36.265,469.4,394.4,454.4,381.8,72.6,455.8,383,72.8
HOG_REEF_64W_32N,32.457,-64.824,9/23/2014,9:16,482.4,2,11.34,389.9,2,10.92,1020.1,28.2,97.61,27.467,36.266,488,394.2,472.5,381.7,90.8,474,382.9,91.1
HOG_REEF_64W_32N,32.457,-64.824,9/23/2014,12:16,497.1,2,12.19,389.4,2,11.87,1020.9,28.1,96.3,27.339,36.274,503.2,394.1,487.8,382,105.8,489.3,383.2,106.1
HOG_REEF_64W_32N,32.457,-64.824,9/23/2014,15:16,474.2,2,11.91,390,2,11.3,1021.7,29.2,96.82,27.623,36.264,479.9,394.4,465.3,382.4,82.9,466.7,383.6,83.1
HOG_REEF_64W_32N,32.457,-64.824,9/23/2014,18:16,472.7,2,12.12,391.8,2,10.86,1021.2,31.1,97.92,28.077,36.282,478.5,396.1,463.3,383.5,79.8,464.7,384.6,80.1
HOG_REEF_64W_32N,32.457,-64.824,9/23/2014,21:16,461.5,2,12.33,390.3,2,11.08,1021.9,32.7,98.57,27.788,36.33,467.3,394.7,453,382.6,70.4,454.4,383.8,70.6
HOG_REEF_64W_32N,32.457,-64.824,9/24/2014,0:16,457.9,2,11.33,390.5,2,10.29,1022.6,32.4,98.05,27.608,36.356,463.2,394.5,449.5,382.9,66.6,450.9,384.1,66.8
HOG_REEF_64W_32N,32.457,-64.824,9/24/2014,3:16,481.4,2,11.77,390.9,2,11.04,1022.7,30.8,96.9,27.579,36.355,487.1,395.2,472.9,383.6,89.2,474.3,384.8,89.5
HOG_REEF_64W_32N,32.457,-64.824,9/24/2014,6:16,465.9,2,11.56,390.5,2,10.87,1022.3,29.7,97.48,27.676,36.33,471.3,394.8,457.2,382.9,74.3,458.6,384.1,74.5
HOG_REEF_64W_32N,32.457,-64.824,9/24/2014,9:16,471.9,2,11.5,390.3,2,10.95,1023.2,28.9,97.65,27.654,36.316,477.4,394.6,463.5,383.2,80.4,465,384.4,80.6
HOG_REEF_64W_32N,32.457,-64.824,9/24/2014,12:16,494.9,2,12.24,389.7,2,11.53,1024.3,28.5,96.81,27.607,36.31,501,394.2,487.1,383.2,103.8,488.6,384.4,104.2
HOG_REEF_64W_32N,32.457,-64.824,9/24/2014,15:16,480.1,2,11.98,389.5,2,10.78,1025.4,29.5,97,27.763,36.317,485.9,393.7,472.7,383,89.7,474.2,384.2,90
HOG_REEF_64W_32N,32.457,-64.824,9/24/2014,18:16,441.2,2,11.92,389.1,2,10.5,1024.4,30.9,99.12,28.087,36.306,446.6,393.3,433.7,382,51.8,435.1,383.2,51.9
HOG_REEF_64W_32N,32.457,-64.824,9/24/2014,21:16,427.2,2,12.06,389.1,2,10.76,1024.3,31.8,101.09,28.144,36.306,432.4,393.3,419.9,381.9,38,421.2,383.1,38.1
HOG_REEF_64W_32N,32.457,-64.824,9/25/2014,0:16,424.8,2,12.05,390.1,2,11.16,1024.9,31.3,102.31,27.951,36.323,429.9,394.5,417.9,383.5,34.5,419.2,384.6,34.6
HOG_REEF_64W_32N,32.457,-64.824,9/25/2014,3:16,445.4,2,12.06,390.2,2,11.29,1024.3,30.1,102.02,28.029,36.313,450.8,394.6,437.9,383.3,54.6,439.2,384.5,54.8
HOG_REEF_64W_32N,32.457,-64.824,9/25/2014,6:16,468.5,2,11.8,390.2,2,11.26,1023.2,29.3,100.84,27.981,36.327,474.2,394.7,460.1,383,77.1,461.5,384.1,77.4
HOG_REEF_64W_32N,32.457,-64.824,9/25/2014,9:16,485.6,2,11.71,390.1,2,11.13,1022.8,28.8,99.3,27.848,36.323,491.4,394.5,476.7,382.8,94,478.2,383.9,94.3
HOG_REEF_64W_32N,32.457,-64.824,9/25/2014,12:16,502.8,2,12.14,389.8,2,11.48,1023.4,28.5,97.12,27.632,36.352,509,394.4,494.4,383,111.4,495.9,384.2,111.7
HOG_REEF_64W_32N,32.457,-64.824,9/25/2014,15:16,452.1,2,11.3,389.3,2,10.87,1023,28.7,97.54,27.523,36.369,457.3,393.6,444.1,382.2,61.9,445.4,383.4,62.1
HOG_REEF_64W_32N,32.457,-64.824,9/25/2014,18:16,466.8,2,11.33,389.2,2,10.91,1021.1,29,98.35,27.917,36.361,472.2,393.5,457.2,381.1,76.1,458.7,382.3,76.4
HOG_REEF_64W_32N,32.457,-64.824,9/25/2014,21:16,471.1,2,11.32,389.3,2,10.75,1020.5,29.3,98.78,28.088,36.351,476.5,393.5,461,380.7,80.3,462.4,381.9,80.5
HOG_REEF_64W_32N,32.457,-64.824,9/26/2014,0:16,481.8,2,11.51,389.7,2,11.01,1020.3,28.9,98.57,28.034,36.356,487.4,394.1,471.5,381.2,90.2,472.9,382.4,90.5
HOG_REEF_64W_32N,32.457,-64.824,9/26/2014,3:16,498.4,2,11.5,389.9,2,11.08,1019.2,28.3,97.63,27.938,36.358,504.2,394.2,487.3,381,106.3,488.8,382.2,106.6
HOG_REEF_64W_32N,32.457,-64.824,9/26/2014,6:16,482.1,2,11.52,390,2,11.13,1018,28,97.64,27.954,36.35,487.7,394.4,470.7,380.7,90,472.2,381.9,90.3
HOG_REEF_64W_32N,32.457,-64.824,9/26/2014,9:16,497.4,2,11.39,389.7,2,11,1017.7,27.7,96.98,27.86,36.35,503.1,394,485.6,380.3,105.3,487.1,381.5,105.6
HOG_REEF_64W_32N,32.457,-64.824,9/26/2014,12:16,482.2,2,12.24,389.1,2,11.95,1018.6,27.7,96.46,27.539,36.368,488.2,393.8,472,380.7,91.3,473.4,381.8,91.6
HOG_REEF_64W_32N,32.457,-64.824,9/26/2014,15:16,458.8,2,12.29,390.2,2,11.9,1018.4,29.1,97.28,27.516,36.37,464.5,394.9,449,381.7,67.3,450.4,382.9,67.5
HOG_REEF_64W_32N,32.457,-64.824,9/26/2014,18:16,491.1,2,12.31,395,2,11.04,1017.3,31.2,97.91,27.907,36.372,497.2,399.4,479.7,385.3,94.3,481.1,386.5,94.6
HOG_REEF_64W_32N,32.457,-64.824,9/26/2014,21:16,478.2,2,12.08,389.2,2,10.91,1016.6,32.4,98.02,27.972,36.365,484.1,393.5,466.6,379.2,87.3,468,380.4,87.6
HOG_REEF_64W_32N,32.457,-64.824,9/27/2014,0:16,474.3,2,11.84,389.3,2,11.08,1017,31.4,98.18,27.862,36.368,480,393.7,463,379.7,83.3,464.4,380.9,83.5
HOG_REEF_64W_32N,32.457,-64.824,9/27/2014,3:16,471.3,2,11.92,389,2,11.3,1016.5,30.1,98.36,27.744,36.371,477,393.5,459.9,379.4,80.5,461.3,380.6,80.8
HOG_REEF_64W_32N,32.457,-64.824,9/27/2014,6:16,492.8,2,11.81,389,2,11.28,1015.3,29.2,97.64,27.751,36.371,498.7,393.5,480.3,378.9,101.4,481.8,380.1,101.7
HOG_REEF_64W_32N,32.457,-64.824,9/27/2014,9:16,529.5,2,11.87,388.9,2,11.34,1014.7,28.6,95.87,27.756,36.371,535.9,393.4,515.8,378.6,137.2,517.4,379.8,137.6
HOG_REEF_64W_32N,32.457,-64.824,9/27/2014,12:16,502.2,2,12.09,388.9,2,11.7,1015.3,28.3,95.53,27.599,36.376,508.4,393.5,489.7,379.1,110.7,491.2,380.2,111
HOG_REEF_64W_32N,32.457,-64.824,9/27/2014,15:16,460.1,2,11.94,388.9,2,11.63,1015.3,28.5,96.79,27.621,36.371,465.7,393.5,448.6,379,69.6,450,380.2,69.8
HOG_REEF_64W_32N,32.457,-64.824,9/27/2014,18:16,452.4,2,12.06,389.5,2,11.56,1013.9,29,98.18,27.79,36.374,458,394,440.3,378.9,61.5,441.7,380.1,61.7
HOG_REEF_64W_32N,32.457,-64.824,9/27/2014,21:16,464.5,2,11.77,389.6,2,11.29,1013.7,29.2,98.98,27.819,36.38,470.1,394.1,451.9,378.8,73.1,453.3,380,73.3
HOG_REEF_64W_32N,32.457,-64.824,9/28/2014,0:16,466.8,2,11.47,389.1,2,11.02,1013.9,28.7,99.27,27.786,36.379,472.2,393.5,454,378.3,75.7,455.4,379.5,75.9
HOG_REEF_64W_32N,32.457,-64.824,9/28/2014,3:16,448.6,2,11.45,388.7,2,10.96,1014.1,28.2,99.93,27.716,36.379,453.8,393,436.5,378.1,58.4,437.8,379.2,58.6
HOG_REEF_64W_32N,32.457,-64.824,9/28/2014,6:16,460.2,2,11.58,388.9,2,11.12,1012.7,27.8,99.47,27.627,36.382,465.6,393.3,447.3,377.9,69.5,448.7,379,69.7
HOG_REEF_64W_32N,32.457,-64.824,9/28/2014,9:16,480.7,2,11.37,388.9,2,10.92,1012.8,27.6,98.52,27.583,36.381,486.3,393.2,467.3,377.9,89.4,468.7,379,89.7
HOG_REEF_64W_32N,32.457,-64.824,9/28/2014,12:16,486.6,2,11.63,388.9,2,11.03,1013.9,27.5,97.43,27.537,36.385,492.3,393.3,473.7,378.4,95.3,475.1,379.5,95.6
HOG_REEF_64W_32N,32.457,-64.824,9/28/2014,15:16,468.2,2,11.55,388.6,2,10.95,1013.2,27.9,97.42,27.598,36.386,473.7,392.9,455.3,377.6,77.7,456.8,378.8,77.9
HOG_REEF_64W_32N,32.457,-64.824,9/28/2014,18:16,450.4,2,11.65,389.1,2,10.91,1012.8,28.6,98.23,27.659,36.388,455.7,393.4,437.8,377.9,59.9,439.1,379.1,60
HOG_REEF_64W_32N,32.457,-64.824,9/28/2014,21:16,468,2,11.94,390.3,2,11.1,1012.7,28.7,98.48,27.676,36.393,473.7,394.6,455,379.1,75.9,456.4,380.3,76.1
HOG_REEF_64W_32N,32.457,-64.824,9/29/2014,0:16,487.1,2,11.14,390.6,2,10.51,1013.7,28.2,97.8,27.568,36.395,492.6,394.7,473.8,379.7,94.2,475.3,380.8,94.4
HOG_REEF_64W_32N,32.457,-64.824,9/29/2014,3:16,500.2,2,11.48,390.4,2,10.74,1012.3,27.5,96.92,27.537,36.395,506,394.7,486,379.1,106.9,487.5,380.3,107.2
HOG_REEF_64W_32N,32.457,-64.824,9/29/2014,6:16,524.9,2,10.37,390.7,2,10.1,1010.4,27.1,95.88,27.377,36.237,530.4,394.7,508.7,378.5,130.1,510.2,379.7,130.5
HOG_REEF_64W_32N,32.457,-64.824,9/29/2014,9:16,501.4,2,10.95,390.3,2,10.61,1009.5,26.5,95.94,27.463,36.259,506.9,394.4,485.6,377.8,107.7,487.1,379,108.1
HOG_REEF_64W_32N,32.457,-64.824,9/29/2014,12:16,508.9,2,11.02,390.3,2,10.69,1010.4,26.4,95.66,27.274,36.232,514.6,394.5,493.5,378.4,115.2,495.1,379.6,115.5
HOG_REEF_64W_32N,32.457,-64.824,9/29/2014,15:16,487.7,2,11.78,389.8,2,11.38,1010.5,26.6,96.01,27.351,36.267,493.5,394.3,473.3,378.1,95.2,474.8,379.3,95.5
HOG_REEF_64W_32N,32.457,-64.824,9/29/2014,18:16,-999,4,11.3,-999,4,10.78,1009.6,27.3,97.46,27.449,36.301,-999,-999,-999,-999,-999,-999,-999,-999
HOG_REEF_64W_32N,32.457,-64.824,9/29/2014,21:16,444.9,2,11.38,390.4,2,10.81,1009.4,27.2,99,27.39,36.3,450.1,394.6,431.1,378,53.1,432.5,379.2,53.3
HOG_REEF_64W_32N,32.457,-64.824,9/30/2014,0:16,480,2,11.19,390.5,2,10.77,1009.5,27,98.74,27.217,36.223,485.4,394.8,465.3,378.4,86.9,466.7,379.6,87.1
HOG_REEF_64W_32N,32.457,-64.824,9/30/2014,3:16,467.7,2,11.03,390.5,2,10.73,1010,26.7,98.35,27.215,36.281,472.9,394.7,453.5,378.5,75,454.9,379.7,75.2
HOG_REEF_64W_32N,32.457,-64.824,9/30/2014,6:16,467.4,2,10.94,390.5,2,10.58,1009.4,26.5,97.77,27.118,36.267,472.6,394.7,453,378.4,74.7,454.4,379.5,74.9
HOG_REEF_64W_32N,32.457,-64.824,9/30/2014,9:16,480.1,2,11.25,390.3,2,10.88,1009.1,26.5,97.04,27.037,36.26,485.6,394.6,465.4,378.2,87.2,466.9,379.4,87.5
HOG_REEF_64W_32N,32.457,-64.824,9/30/2014,12:16,485.7,2,11.74,389.7,2,11.47,1010.3,26.6,96.3,27.003,36.258,491.5,394.2,471.6,378.3,93.4,473.1,379.4,93.7
HOG_REEF_64W_32N,32.457,-64.824,9/30/2014,15:16,450.9,2,11.43,390,2,11.17,1010.5,27.1,97.91,27.171,36.279,456.1,394.4,437.6,378.4,59.2,439,379.5,59.4
HOG_REEF_64W_32N,32.457,-64.824,9/30/2014,18:16,421.2,2,12.03,389.7,2,11.55,1009.8,27.5,99.82,27.318,36.288,426.3,394.3,408.6,377.9,30.7,409.8,379.1,30.8
HOG_REEF_64W_32N,32.457,-64.824,9/30/2014,21:16,418.5,2,12.18,390,2,11.59,1009.7,28,101.33,27.387,36.29,423.7,394.6,406,378.1,27.9,407.2,379.3,28
HOG_REEF_64W_32N,32.457,-64.824,10/1/2014,0:16,476.5,2,11.51,390.1,2,11.05,1010.8,27.9,99.73,27.151,36.272,482.1,394.5,462.7,378.6,84.1,464.1,379.8,84.4
HOG_REEF_64W_32N,32.457,-64.824,10/1/2014,3:16,472.6,2,11.59,389.1,2,11.15,1011.1,27.5,98.89,27.169,36.277,478.1,393.5,459,377.8,81.2,460.5,379,81.5
HOG_REEF_64W_32N,32.457,-64.824,10/1/2014,6:16,458.1,2,11.46,389.4,2,11.03,1010.8,27.3,98.58,27.22,36.3,463.4,393.7,444.7,377.8,66.9,446.1,379,67.1
HOG_REEF_64W_32N,32.457,-64.824,10/1/2014,9:16,467.4,2,11.4,389.3,2,11,1010.6,27.1,97.94,27.176,36.301,472.8,393.7,453.6,377.7,75.9,455.1,378.9,76.1
HOG_REEF_64W_32N,32.457,-64.824,10/1/2014,12:16,487,2,12.12,389.1,2,11.85,1011.2,27,96.94,27.125,36.304,493,393.8,473.4,378.2,95.3,474.9,379.3,95.6
HOG_REEF_64W_32N,32.457,-64.824,10/1/2014,15:16,476.3,2,12.34,389.5,2,12.06,1011.5,27.8,97.09,27.217,36.304,482.3,394.2,463.2,378.6,84.6,464.6,379.8,84.9
HOG_REEF_64W_32N,32.457,-64.824,10/1/2014,18:16,469.2,2,10.85,390.4,2,10.56,1010.4,27.9,97.34,27.176,36.291,474.3,394.6,455.1,378.5,76.5,456.5,379.7,76.8
HOG_REEF_64W_32N,32.457,-64.824,10/1/2014,21:16,467.5,2,10.66,390.8,2,10.37,1009.5,27,97.38,27.102,36.264,472.5,394.8,453,378.5,74.5,454.4,379.7,74.7
HOG_REEF_64W_32N,32.457,-64.824,10/2/2014,0:16,480,2,11.02,390.4,2,10.7,1008.8,26.3,96.86,27.043,36.2,485.3,394.6,465,378.1,86.9,466.4,379.3,87.2
HOG_REEF_64W_32N,32.457,-64.824,10/2/2014,3:16,486.5,2,11.29,390.1,2,10.91,1009.2,26.1,96.64,26.938,36.195,492,394.5,471.7,378.1,93.6,473.2,379.3,93.8
HOG_REEF_64W_32N,32.457,-64.824,10/2/2014,6:16,496.5,2,11.2,390.2,2,10.76,1009.5,26.2,96.03,26.895,36.197,502.1,394.4,481.5,378.3,103.2,483,379.4,103.6
HOG_REEF_64W_32N,32.457,-64.824,10/2/2014,9:16,505.8,2,11.09,390.2,2,10.61,1010.7,26.3,95.29,26.825,36.207,511.5,394.4,491.2,378.7,112.5,492.8,379.9,112.8
HOG_REEF_64W_32N,32.457,-64.824,10/2/2014,12:16,514.1,2,11.74,389.2,2,11.41,1011.9,26.4,94.7,26.755,36.214,520.2,393.7,500.2,378.6,121.6,501.8,379.8,122
HOG_REEF_64W_32N,32.457,-64.824,10/2/2014,15:16,475.7,2,11.94,389.1,2,11.69,1012.5,27.2,96.13,27.039,36.186,481.5,393.7,463.1,378.6,84.4,464.5,379.8,84.7
HOG_REEF_64W_32N,32.457,-64.824,10/2/2014,18:16,500,2,11.79,391.7,2,11.05,1011.5,28.5,96.51,27.2,36.209,506,396.1,486,380.4,105.5,487.5,381.6,105.8
HOG_REEF_64W_32N,32.457,-64.824,10/2/2014,21:16,471.8,2,11.6,389.2,2,11.12,1011.8,28.8,97.38,27.191,36.217,477.4,393.6,458.6,378.1,80.5,460,379.3,80.7
HOG_REEF_64W_32N,32.457,-64.824,10/3/2014,0:16,487.1,2,11.61,389.8,2,11.15,1012.4,28.1,97.4,27.135,36.217,492.9,394.2,473.9,379,94.8,475.3,380.2,95.1
HOG_REEF_64W_32N,32.457,-64.824,10/3/2014,3:16,503.8,2,11.45,390.4,2,10.99,1012.1,27.6,96.8,27.083,36.216,509.6,394.8,489.8,379.5,110.4,491.4,380.7,110.7
HOG_REEF_64W_32N,32.457,-64.824,10/3/2014,6:16,507.3,2,11.38,391.6,2,10.9,1010.9,27.2,95.97,27.025,36.23,513.1,395.9,492.7,380.2,112.5,494.2,381.4,112.8
HOG_REEF_64W_32N,32.457,-64.824,10/3/2014,9:16,502.4,2,11.11,392.6,2,10.63,1011.1,26.8,95.07,27.028,36.262,508,396.8,487.9,381.1,106.8,489.4,382.3,107.1
HOG_REEF_64W_32N,32.457,-64.824,10/3/2014,12:16,499.5,2,11.86,392.2,2,11.43,1011.9,26.6,94.8,26.958,36.262,505.5,396.7,486,381.4,104.6,487.5,382.5,104.9
HOG_REEF_64W_32N,32.457,-64.824,10/3/2014,15:16,461.3,2,11.32,392,2,11.07,1011.6,27,96.9,27.087,36.284,466.6,396.4,448.3,380.8,67.4,449.7,382,67.6
HOG_REEF_64W_32N,32.457,-64.824,10/3/2014,18:16,432.2,2,11.25,391.4,2,10.88,1010,27.3,99.65,27.227,36.302,437.1,395.7,419.1,379.4,39.7,420.4,380.6,39.8
HOG_REEF_64W_32N,32.457,-64.824,10/3/2014,21:16,433.5,2,11.29,391.2,2,10.86,1010,27.3,99.82,27.163,36.303,438.5,395.5,420.5,379.3,41.2,421.8,380.5,41.3
HOG_REEF_64W_32N,32.457,-64.824,10/4/2014,0:16,444.5,2,11.22,391.5,2,10.75,1010.6,27,99.19,27.046,36.307,449.6,395.8,431.5,379.9,51.6,432.9,381.1,51.8
HOG_REEF_64W_32N,32.457,-64.824,10/4/2014,3:16,459,2,11.19,391.3,2,10.71,1010.3,26.7,98.58,26.945,36.318,464.2,395.5,445.5,379.6,65.9,446.9,380.8,66.1
HOG_REEF_64W_32N,32.457,-64.824,10/4/2014,6:16,465.7,2,11.17,391.6,2,10.77,1008.8,26.6,98.1,26.832,36.32,470.9,395.9,451.4,379.4,71.9,452.8,380.6,72.2
HOG_REEF_64W_32N,32.457,-64.824,10/4/2014,9:16,460,2,11.06,391,2,10.72,1008.7,26.5,98.49,26.857,36.314,465.1,395.2,445.7,378.8,67,447.1,379.9,67.2
HOG_REEF_64W_32N,32.457,-64.824,10/4/2014,12:16,459,2,11.58,390.6,2,11.21,1009.8,26.4,98.37,26.835,36.316,464.4,395,445.6,379,66.6,447,380.2,66.8
HOG_REEF_64W_32N,32.457,-64.824,10/4/2014,15:16,444.5,2,11.51,390.3,2,11.25,1009.5,26.6,99.15,26.944,36.318,449.6,394.8,431.2,378.6,52.6,432.5,379.7,52.8
HOG_REEF_64W_32N,32.457,-64.824,10/4/2014,18:16,423.1,2,11.84,390,2,11.19,1008.1,27.1,100.05,27.141,36.318,428.2,394.5,409.9,377.6,32.3,411.1,378.8,32.4
HOG_REEF_64W_32N,32.457,-64.824,10/4/2014,21:16,414.5,2,11.6,391.1,2,11.02,1008.8,27.5,101.09,27.134,36.323,419.4,395.5,401.7,378.8,22.9,403,380,23
HOG_REEF_64W_32N,32.457,-64.824,10/5/2014,0:16,426.3,2,11.34,391.6,2,10.77,1009.9,27.1,101.08,27.038,36.326,431.2,395.9,413.6,379.7,33.8,414.9,380.9,33.9
HOG_REEF_64W_32N,32.457,-64.824,10/5/2014,3:16,443.7,2,11.28,391.7,2,10.68,1009.5,26.6,100.32,26.93,36.336,448.8,395.9,430.4,379.6,50.7,431.7,380.8,50.9
HOG_REEF_64W_32N,32.457,-64.824,10/5/2014,6:16,449.9,2,11.19,391.7,2,10.63,1009.2,26.3,99.46,26.898,36.338,455,395.9,436.2,379.6,56.6,437.6,380.8,56.8
HOG_REEF_64W_32N,32.457,-64.824,10/5/2014,9:16,468.7,2,11.07,391.7,2,10.55,1009.8,26,98.28,26.867,36.34,474,395.9,454.7,379.8,74.9,456.1,381,75.2
HOG_REEF_64W_32N,32.457,-64.824,10/5/2014,12:16,469.6,2,11.69,391,2,11.3,1010.8,25.9,97.32,26.85,36.339,475.1,395.4,456.3,379.8,76.5,457.7,381,76.8
HOG_REEF_64W_32N,32.457,-64.824,10/5/2014,15:16,457,2,11.81,390.6,2,11.55,1011.4,26.9,97.55,26.941,36.346,462.5,395.1,444.3,379.6,64.7,445.7,380.8,64.9
HOG_REEF_64W_32N,32.457,-64.824,10/5/2014,18:16,463,2,12.18,395.6,2,11.36,1011,28.7,98.5,27.081,36.351,468.7,400.1,450,384.2,65.9,451.4,385.4,66.1
HOG_REEF_64W_32N,32.457,-64.824,10/5/2014,21:16,437.8,2,12.38,392.8,2,11.16,1011.8,29.4,99.75,27.12,36.351,443.3,397.3,426,381.7,44.2,427.3,382.9,44.4
HOG_REEF_64W_32N,32.457,-64.824,10/6/2014,0:16,444.2,2,11.76,391.8,2,10.9,1013.1,28.8,100.23,27.085,36.351,449.5,396.1,432.5,381.1,51.4,433.8,382.3,51.5
HOG_REEF_64W_32N,32.457,-64.824,10/6/2014,3:16,460,2,11.8,391.8,2,11.07,1014.1,27.9,99.82,27.017,36.357,465.5,396.2,448.4,381.7,66.7,449.8,382.8,66.9
HOG_REEF_64W_32N,32.457,-64.824,10/6/2014,6:16,478,2,11.79,392.1,2,11.13,1013.7,27.4,98.84,26.952,36.358,483.7,396.5,465.8,381.8,84,467.3,383,84.3
HOG_REEF_64W_32N,32.457,-64.824,10/6/2014,9:16,483.9,2,11.85,392.3,2,11.27,1014.9,27.2,97.32,26.887,36.353,489.8,396.8,472.3,382.7,89.6,473.8,383.9,89.9
HOG_REEF_64W_32N,32.457,-64.824,10/6/2014,12:16,485.6,2,12.45,392.5,2,12.09,1016.2,27.2,96.07,26.849,36.355,491.7,397.3,474.9,383.7,91.2,476.3,384.9,91.5
HOG_REEF_64W_32N,32.457,-64.824,10/6/2014,15:17,473.6,2,12.53,390.2,2,12.21,1017.7,28.4,96.69,27.048,36.359,479.6,395,463.7,381.9,81.9,465.2,383.1,82.1