"","gene","GO_ID","adj.pval.Origin","adj.pval.Treatment","adj.pval.LifeStage","adj.pval.Origin_x_Treatment","adj.pval.Origin_x_LifeStage","adj.pval.Treatment_x_LifeStage","adj.pval.Origin_x_Treatment_x_LifeStage","over_represented_pvalue","under_represented_pvalue","numDEInCat","numInCat","term","ontology","GOSlim_bin","aspect","direction"
"1","Pastreoides00081","GO:0015074",2.43825507401322e-15,2.8369578391168e-10,1.21441768041595e-73,0.00551569522066572,0.75255344431002,0.0856986122909982,0.789247987113137,3.13779112672838e-06,0.999999674943957,11,23,"DNA integration","BP","DNA metabolism","P","Heated"
"2","Pastreoides00081","GO:0015074",2.43825507401322e-15,2.8369578391168e-10,1.21441768041595e-73,0.00551569522066572,0.75255344431002,0.0856986122909982,0.789247987113137,3.13779112672838e-06,0.999999674943957,11,23,"DNA integration","BP","DNA metabolism","P","Heated"
"3","Pastreoides00081","GO:0006310",2.43825507401322e-15,2.8369578391168e-10,1.21441768041595e-73,0.00551569522066572,0.75255344431002,0.0856986122909982,0.789247987113137,0.00888947688063868,0.998247878753016,6,19,"DNA recombination","BP","DNA metabolism","P","Heated"
"4","Pastreoides00081","GO:0006310",2.43825507401322e-15,2.8369578391168e-10,1.21441768041595e-73,0.00551569522066572,0.75255344431002,0.0856986122909982,0.789247987113137,0.00888947688063868,0.998247878753016,6,19,"DNA recombination","BP","DNA metabolism","P","Heated"
"5","Pastreoides00221","GO:0015074",0.770335975965389,0.0232216417110692,0.276051937978334,0.00198238852630519,0.62072279479986,0.183203632731736,0.0628545728375139,3.13779112672838e-06,0.999999674943957,11,23,"DNA integration","BP","DNA metabolism","P","Heated"
"6","Pastreoides00221","GO:0015074",0.770335975965389,0.0232216417110692,0.276051937978334,0.00198238852630519,0.62072279479986,0.183203632731736,0.0628545728375139,3.13779112672838e-06,0.999999674943957,11,23,"DNA integration","BP","DNA metabolism","P","Heated"
"7","Pastreoides00389","GO:0034613",0.0271608647125485,0.01815254681603,0.00943862999753351,0.194267061622697,0.855202534290171,0.59483142141617,0.807129947956919,0.0289804278843829,0.994945827467658,4,12,"cellular protein localization","BP","other biological processes","P","Ambient"
"8","Pastreoides00414","GO:0044260",2.6040579505295e-208,1.32120749826285e-13,0.833789388441455,4.46246877599295e-59,0.513470685297754,0.00592266200265641,0.87524971818365,0.000506033590939365,0.999939145837097,7,16,"cellular macromolecule metabolic process","BP","other metabolic processes","P","Ambient"
"9","Pastreoides01821","GO:0006310",0.900604726562259,0.00163817509284616,0.739957639660809,0.810330679958401,0.60031065084871,0.78468860275294,0.412769800969407,0.00888947688063868,0.998247878753016,6,19,"DNA recombination","BP","DNA metabolism","P","Heated"
"10","Pastreoides01821","GO:0006260",0.900604726562259,0.00163817509284616,0.739957639660809,0.810330679958401,0.60031065084871,0.78468860275294,0.412769800969407,0.000145217248072219,0.999973752827265,11,31,"DNA replication","BP","DNA metabolism","P","Heated"
"11","Pastreoides01821","GO:0006310",0.900604726562259,0.00163817509284616,0.739957639660809,0.810330679958401,0.60031065084871,0.78468860275294,0.412769800969407,0.00888947688063868,0.998247878753016,6,19,"DNA recombination","BP","DNA metabolism","P","Heated"
"12","Pastreoides02162","GO:0007010",0.0212222233416338,0.0379702527764569,6.51700130372021e-06,0.114507993605163,0.841457260216729,0.665072947899725,0.822829036839598,0.0387904296092572,0.992565866356159,4,12,"cytoskeleton organization","BP","cell organization and biogenesis","P","Ambient"
"13","Pastreoides02787","GO:0006310",4.24679474799226e-14,0.0143325173843909,0.463850131284889,0.719583756996262,0.251459929011143,0.73849636836341,0.72113824416391,0.00888947688063868,0.998247878753016,6,19,"DNA recombination","BP","DNA metabolism","P","Heated"
"14","Pastreoides02787","GO:0015074",4.24679474799226e-14,0.0143325173843909,0.463850131284889,0.719583756996262,0.251459929011143,0.73849636836341,0.72113824416391,3.13779112672838e-06,0.999999674943957,11,23,"DNA integration","BP","DNA metabolism","P","Heated"
"15","Pastreoides02787","GO:0015074",4.24679474799226e-14,0.0143325173843909,0.463850131284889,0.719583756996262,0.251459929011143,0.73849636836341,0.72113824416391,3.13779112672838e-06,0.999999674943957,11,23,"DNA integration","BP","DNA metabolism","P","Heated"
"16","Pastreoides02787","GO:0015074",4.24679474799226e-14,0.0143325173843909,0.463850131284889,0.719583756996262,0.251459929011143,0.73849636836341,0.72113824416391,3.13779112672838e-06,0.999999674943957,11,23,"DNA integration","BP","DNA metabolism","P","Heated"
"17","Pastreoides02787","GO:0006310",4.24679474799226e-14,0.0143325173843909,0.463850131284889,0.719583756996262,0.251459929011143,0.73849636836341,0.72113824416391,0.00888947688063868,0.998247878753016,6,19,"DNA recombination","BP","DNA metabolism","P","Heated"
"18","Pastreoides02787","GO:0006310",4.24679474799226e-14,0.0143325173843909,0.463850131284889,0.719583756996262,0.251459929011143,0.73849636836341,0.72113824416391,0.00888947688063868,0.998247878753016,6,19,"DNA recombination","BP","DNA metabolism","P","Heated"
"19","Pastreoides02997","GO:0007010",0.640615898370238,1.35296137631599e-05,0.24031429620259,0.393217440521961,0.331339934542374,0.990499808035228,0.853959177484717,0.0387904296092572,0.992565866356159,4,12,"cytoskeleton organization","BP","cell organization and biogenesis","P","Ambient"
"20","Pastreoides03298","GO:0021782",0.907738818226816,0.00804764296481479,0.572238063593082,0.99636450023221,0.862238581749107,0.794865183492079,0.598287374123589,0.036901945413332,0.995221537247964,3,8,"glial cell development","BP","developmental processes","P","Heated"
"21","Pastreoides03298","GO:0060548",0.907738818226816,0.00804764296481479,0.572238063593082,0.99636450023221,0.862238581749107,0.794865183492079,0.598287374123589,0.0147208203516692,0.997371337381668,5,14,"negative regulation of cell death","BP","death","P","Heated"
"22","Pastreoides03886","GO:0030154",0.0276654746801375,0.0164190717267122,0.754557914233809,0.0411555312564639,0.808201201301755,0.937452390657571,0.264707111527324,0.012555941850726,0.995598507432484,11,45,"cell differentiation","BP","other biological processes","P","Heated"
"23","Pastreoides03970","GO:0008542",0.00450955986939906,0.00523846786677079,0.68979229102143,1.3618636200909e-06,0.771682967829773,0.832858289651228,0.329304751109392,0.00695064313240474,0.999347424103127,4,8,"visual learning","BP","other biological processes","P","Ambient"
"24","Pastreoides05233","GO:0010506",6.23636629967567e-05,0.000580369713872592,0.862841460991023,0.633234508607723,0.864430214609613,0.151121209649196,0.498154961855575,0.0364915073794947,0.993325186464574,4,11,"regulation of autophagy","BP","other metabolic processes","P","Heated"
"25","Pastreoides06381","GO:0060548",0.0175486375494227,8.59789691762551e-06,0.238391931103443,0.00428132825949743,0.301628518005367,0.535294419566486,0.819351658674259,0.0147208203516692,0.997371337381668,5,14,"negative regulation of cell death","BP","death","P","Heated"
"26","Pastreoides06381","GO:0030154",0.0175486375494227,8.59789691762551e-06,0.238391931103443,0.00428132825949743,0.301628518005367,0.535294419566486,0.819351658674259,0.012555941850726,0.995598507432484,11,45,"cell differentiation","BP","other biological processes","P","Heated"
"27","Pastreoides06381","GO:0032269",0.0175486375494227,8.59789691762551e-06,0.238391931103443,0.00428132825949743,0.301628518005367,0.535294419566486,0.819351658674259,0.031497950015087,0.996707654116399,3,6,"negative regulation of cellular protein metabolic process","BP","protein metabolism","P","Heated"
"28","Pastreoides06381","GO:0010506",0.0175486375494227,8.59789691762551e-06,0.238391931103443,0.00428132825949743,0.301628518005367,0.535294419566486,0.819351658674259,0.0364915073794947,0.993325186464574,4,11,"regulation of autophagy","BP","other metabolic processes","P","Heated"
"29","Pastreoides06381","GO:0060627",0.0175486375494227,8.59789691762551e-06,0.238391931103443,0.00428132825949743,0.301628518005367,0.535294419566486,0.819351658674259,0.03311994866321,0.994130463753458,4,11,"regulation of vesicle-mediated transport","BP","transport","P","Heated"
"30","Pastreoides06650","GO:0032269",0.911446345756589,0.0128599253479336,0.742195093876248,0.705866372036577,0.532183275656291,0.983462895867569,0.769585385408789,0.031497950015087,0.996707654116399,3,6,"negative regulation of cellular protein metabolic process","BP","protein metabolism","P","Ambient"
"31","Pastreoides06650","GO:0060627",0.911446345756589,0.0128599253479336,0.742195093876248,0.705866372036577,0.532183275656291,0.983462895867569,0.769585385408789,0.03311994866321,0.994130463753458,4,11,"regulation of vesicle-mediated transport","BP","transport","P","Ambient"
"32","Pastreoides06650","GO:0046907",0.911446345756589,0.0128599253479336,0.742195093876248,0.705866372036577,0.532183275656291,0.983462895867569,0.769585385408789,0.0226096956902836,0.996576388645519,4,10,"intracellular transport","BP","transport","P","Ambient"
"33","Pastreoides07208","GO:0015074",4.49983339030412e-14,3.03591302299012e-11,0.0786863130581736,0.00944213762773463,0.794345063507443,0.788642931500582,0.648649029831424,3.13779112672838e-06,0.999999674943957,11,23,"DNA integration","BP","DNA metabolism","P","Ambient"
"34","Pastreoides07208","GO:0015074",4.49983339030412e-14,3.03591302299012e-11,0.0786863130581736,0.00944213762773463,0.794345063507443,0.788642931500582,0.648649029831424,3.13779112672838e-06,0.999999674943957,11,23,"DNA integration","BP","DNA metabolism","P","Ambient"
"35","Pastreoides07208","GO:0015074",4.49983339030412e-14,3.03591302299012e-11,0.0786863130581736,0.00944213762773463,0.794345063507443,0.788642931500582,0.648649029831424,3.13779112672838e-06,0.999999674943957,11,23,"DNA integration","BP","DNA metabolism","P","Ambient"
"36","Pastreoides08215","GO:0006260",7.80871243269889e-10,0.0453750195724845,0.965709575500436,0.0605440626061527,0.926788529496909,0.336440759177464,0.982260619573731,0.000145217248072219,0.999973752827265,11,31,"DNA replication","BP","DNA metabolism","P","Heated"
"37","Pastreoides08215","GO:0006260",7.80871243269889e-10,0.0453750195724845,0.965709575500436,0.0605440626061527,0.926788529496909,0.336440759177464,0.982260619573731,0.000145217248072219,0.999973752827265,11,31,"DNA replication","BP","DNA metabolism","P","Heated"
"38","Pastreoides09037","GO:0015074",2.78095216553715e-73,7.44734547626232e-64,0.00159067930420582,5.4924381804123e-17,0.125212709351057,0.514112530075545,0.552096811740819,3.13779112672838e-06,0.999999674943957,11,23,"DNA integration","BP","DNA metabolism","P","Heated"
"39","Pastreoides09037","GO:0015074",2.78095216553715e-73,7.44734547626232e-64,0.00159067930420582,5.4924381804123e-17,0.125212709351057,0.514112530075545,0.552096811740819,3.13779112672838e-06,0.999999674943957,11,23,"DNA integration","BP","DNA metabolism","P","Heated"
"40","Pastreoides09037","GO:0006310",2.78095216553715e-73,7.44734547626232e-64,0.00159067930420582,5.4924381804123e-17,0.125212709351057,0.514112530075545,0.552096811740819,0.00888947688063868,0.998247878753016,6,19,"DNA recombination","BP","DNA metabolism","P","Heated"
"41","Pastreoides09037","GO:0006310",2.78095216553715e-73,7.44734547626232e-64,0.00159067930420582,5.4924381804123e-17,0.125212709351057,0.514112530075545,0.552096811740819,0.00888947688063868,0.998247878753016,6,19,"DNA recombination","BP","DNA metabolism","P","Heated"
"42","Pastreoides09037","GO:0015074",2.78095216553715e-73,7.44734547626232e-64,0.00159067930420582,5.4924381804123e-17,0.125212709351057,0.514112530075545,0.552096811740819,3.13779112672838e-06,0.999999674943957,11,23,"DNA integration","BP","DNA metabolism","P","Heated"
"43","Pastreoides09037","GO:0006310",2.78095216553715e-73,7.44734547626232e-64,0.00159067930420582,5.4924381804123e-17,0.125212709351057,0.514112530075545,0.552096811740819,0.00888947688063868,0.998247878753016,6,19,"DNA recombination","BP","DNA metabolism","P","Heated"
"44","Pastreoides09994","GO:0008152",3.23860353717568e-28,4.73256163413053e-09,0.696067720600309,2.80508076423973e-05,0.99038095830145,0.767581922295685,1,0.0222828728270599,0.994524123466535,6,20,"metabolic process","BP","other metabolic processes","P","Heated"
"45","Pastreoides12111","GO:0060627",0.826845130609974,0.000232133530011378,0.000719205413366281,0.366430498416886,0.612283595261386,0.221164134918929,0.987848662689874,0.03311994866321,0.994130463753458,4,11,"regulation of vesicle-mediated transport","BP","transport","P","Heated"
"46","Pastreoides12183","GO:0030154",3.76565178817663e-33,3.02225194572204e-29,0.339075967248795,6.02456961843214e-10,0.659832444894455,0.832858289651228,0.670926067129855,0.012555941850726,0.995598507432484,11,45,"cell differentiation","BP","other biological processes","P","Ambient"
"47","Pastreoides12592","GO:0006260",6.24993897928772e-18,0.0278875511038605,1.28420113136084e-13,0.641641231178343,0.379575142117338,0.731449227168692,0.234564068923037,0.000145217248072219,0.999973752827265,11,31,"DNA replication","BP","DNA metabolism","P","Heated"
"48","Pastreoides12592","GO:0044260",6.24993897928772e-18,0.0278875511038605,1.28420113136084e-13,0.641641231178343,0.379575142117338,0.731449227168692,0.234564068923037,0.000506033590939365,0.999939145837097,7,16,"cellular macromolecule metabolic process","BP","other metabolic processes","P","Heated"
"49","Pastreoides12592","GO:0006260",6.24993897928772e-18,0.0278875511038605,1.28420113136084e-13,0.641641231178343,0.379575142117338,0.731449227168692,0.234564068923037,0.000145217248072219,0.999973752827265,11,31,"DNA replication","BP","DNA metabolism","P","Heated"
"50","Pastreoides12592","GO:0044260",6.24993897928772e-18,0.0278875511038605,1.28420113136084e-13,0.641641231178343,0.379575142117338,0.731449227168692,0.234564068923037,0.000506033590939365,0.999939145837097,7,16,"cellular macromolecule metabolic process","BP","other metabolic processes","P","Heated"
"51","Pastreoides13262","GO:0030154",3.79124203837066e-06,0.00121939767662225,0.720780179261033,0.948111613095141,0.998252321787678,0.888623434180651,0.539300740403695,0.012555941850726,0.995598507432484,11,45,"cell differentiation","BP","other biological processes","P","Heated"
"52","Pastreoides13337","GO:0060548",0.0134808910330698,0.0471603471570399,0.395958533772753,0.590005151015521,0.944537990507438,0.805516666869128,0.60084368314643,0.0147208203516692,0.997371337381668,5,14,"negative regulation of cell death","BP","death","P","Ambient"
"53","Pastreoides13614","GO:0006260",0.000255676859069073,4.024548795146e-14,0.00837645099090844,3.70635592566755e-06,0.0937785296530149,0.387780166796651,0.226375019005827,0.000145217248072219,0.999973752827265,11,31,"DNA replication","BP","DNA metabolism","P","Ambient"
"54","Pastreoides13614","GO:0044260",0.000255676859069073,4.024548795146e-14,0.00837645099090844,3.70635592566755e-06,0.0937785296530149,0.387780166796651,0.226375019005827,0.000506033590939365,0.999939145837097,7,16,"cellular macromolecule metabolic process","BP","other metabolic processes","P","Ambient"
"55","Pastreoides13614","GO:0044260",0.000255676859069073,4.024548795146e-14,0.00837645099090844,3.70635592566755e-06,0.0937785296530149,0.387780166796651,0.226375019005827,0.000506033590939365,0.999939145837097,7,16,"cellular macromolecule metabolic process","BP","other metabolic processes","P","Ambient"
"56","Pastreoides13614","GO:0006260",0.000255676859069073,4.024548795146e-14,0.00837645099090844,3.70635592566755e-06,0.0937785296530149,0.387780166796651,0.226375019005827,0.000145217248072219,0.999973752827265,11,31,"DNA replication","BP","DNA metabolism","P","Ambient"
"57","Pastreoides15601","GO:0060548",0,6.91619267214155e-56,0.866442979387116,5.54225793957715e-172,0.000444318875062636,0.779819294810324,0.973223460339163,0.0147208203516692,0.997371337381668,5,14,"negative regulation of cell death","BP","death","P","Heated"
"58","Pastreoides15601","GO:0032269",0,6.91619267214155e-56,0.866442979387116,5.54225793957715e-172,0.000444318875062636,0.779819294810324,0.973223460339163,0.031497950015087,0.996707654116399,3,6,"negative regulation of cellular protein metabolic process","BP","protein metabolism","P","Heated"
"59","Pastreoides15601","GO:0010506",0,6.91619267214155e-56,0.866442979387116,5.54225793957715e-172,0.000444318875062636,0.779819294810324,0.973223460339163,0.0364915073794947,0.993325186464574,4,11,"regulation of autophagy","BP","other metabolic processes","P","Heated"
"60","Pastreoides15601","GO:0060627",0,6.91619267214155e-56,0.866442979387116,5.54225793957715e-172,0.000444318875062636,0.779819294810324,0.973223460339163,0.03311994866321,0.994130463753458,4,11,"regulation of vesicle-mediated transport","BP","transport","P","Heated"
"61","Pastreoides16185","GO:0044260",1.88606191199772e-41,8.20475754774998e-07,1.40848840725658e-23,1.47249191172668e-09,0.308545845752441,0.986430139080427,0.689920643569139,0.000506033590939365,0.999939145837097,7,16,"cellular macromolecule metabolic process","BP","other metabolic processes","P","Heated"
"62","Pastreoides16185","GO:0044260",1.88606191199772e-41,8.20475754774998e-07,1.40848840725658e-23,1.47249191172668e-09,0.308545845752441,0.986430139080427,0.689920643569139,0.000506033590939365,0.999939145837097,7,16,"cellular macromolecule metabolic process","BP","other metabolic processes","P","Heated"
"63","Pastreoides16185","GO:0006260",1.88606191199772e-41,8.20475754774998e-07,1.40848840725658e-23,1.47249191172668e-09,0.308545845752441,0.986430139080427,0.689920643569139,0.000145217248072219,0.999973752827265,11,31,"DNA replication","BP","DNA metabolism","P","Heated"
"64","Pastreoides16185","GO:0006260",1.88606191199772e-41,8.20475754774998e-07,1.40848840725658e-23,1.47249191172668e-09,0.308545845752441,0.986430139080427,0.689920643569139,0.000145217248072219,0.999973752827265,11,31,"DNA replication","BP","DNA metabolism","P","Heated"
"65","Pastreoides16185","GO:0006260",1.88606191199772e-41,8.20475754774998e-07,1.40848840725658e-23,1.47249191172668e-09,0.308545845752441,0.986430139080427,0.689920643569139,0.000145217248072219,0.999973752827265,11,31,"DNA replication","BP","DNA metabolism","P","Heated"
"66","Pastreoides16356","GO:0046907",0.609765752450444,1.86042395202938e-08,0.00215946006926898,0.830878857841301,0.630560301018377,0.605095719769368,0.525112978520344,0.0226096956902836,0.996576388645519,4,10,"intracellular transport","BP","transport","P","Heated"
"67","Pastreoides16356","GO:0046907",0.609765752450444,1.86042395202938e-08,0.00215946006926898,0.830878857841301,0.630560301018377,0.605095719769368,0.525112978520344,0.0226096956902836,0.996576388645519,4,10,"intracellular transport","BP","transport","P","Heated"
"68","Pastreoides17076","GO:0030154",3.4886227419674e-135,0.00341634181870843,0.0732570995341188,4.67163601442953e-06,0.981156629654763,0.151121209649196,0.253891188559853,0.012555941850726,0.995598507432484,11,45,"cell differentiation","BP","other biological processes","P","Heated"
"69","Pastreoides17367","GO:0030154",9.56570877969277e-15,4.25382840434595e-20,0.824108570195396,3.48273142695049e-11,0.986972854347045,0.331166902471756,0.957098232355497,0.012555941850726,0.995598507432484,11,45,"cell differentiation","BP","other biological processes","P","Heated"
"70","Pastreoides17880","GO:0006260",1.57539381075176e-14,1.27053455094494e-37,5.03042811955832e-10,0.0018358384298694,0.055294035987902,0.334646845455828,0.0253228218288884,0.000145217248072219,0.999973752827265,11,31,"DNA replication","BP","DNA metabolism","P","Ambient"
"71","Pastreoides17880","GO:0006260",1.57539381075176e-14,1.27053455094494e-37,5.03042811955832e-10,0.0018358384298694,0.055294035987902,0.334646845455828,0.0253228218288884,0.000145217248072219,0.999973752827265,11,31,"DNA replication","BP","DNA metabolism","P","Ambient"
"72","Pastreoides18146","GO:0021782",0.314450803040823,0.0229755853003867,0.435350158134001,0.498648183801612,0.938511033557294,0.536285089385956,0.498862411105594,0.036901945413332,0.995221537247964,3,8,"glial cell development","BP","developmental processes","P","Heated"
"73","Pastreoides18146","GO:0034613",0.314450803040823,0.0229755853003867,0.435350158134001,0.498648183801612,0.938511033557294,0.536285089385956,0.498862411105594,0.0289804278843829,0.994945827467658,4,12,"cellular protein localization","BP","other biological processes","P","Heated"
"74","Pastreoides18146","GO:0042552",0.314450803040823,0.0229755853003867,0.435350158134001,0.498648183801612,0.938511033557294,0.536285089385956,0.498862411105594,0.013853524422758,0.99819900155073,4,10,"myelination","BP","developmental processes","P","Heated"
"75","Pastreoides18528","GO:0009263",0.950358689541829,0.00028406575520992,0.730350903506809,0.812994596941277,0.608429160357203,0.785280138114461,0.853718060238756,0.0347509439225041,0.995607541304222,3,8,"deoxyribonucleotide biosynthetic process","BP","other metabolic processes","P","Heated"
"76","Pastreoides18528","GO:0009263",0.950358689541829,0.00028406575520992,0.730350903506809,0.812994596941277,0.608429160357203,0.785280138114461,0.853718060238756,0.0347509439225041,0.995607541304222,3,8,"deoxyribonucleotide biosynthetic process","BP","other metabolic processes","P","Heated"
"77","Pastreoides18528","GO:0009263",0.950358689541829,0.00028406575520992,0.730350903506809,0.812994596941277,0.608429160357203,0.785280138114461,0.853718060238756,0.0347509439225041,0.995607541304222,3,8,"deoxyribonucleotide biosynthetic process","BP","other metabolic processes","P","Heated"
"78","Pastreoides18598","GO:0030154",0.110950281862886,0.040877089559904,0.0188569436842196,0.102459084460176,0.587284867604203,0.574688803598292,1,0.012555941850726,0.995598507432484,11,45,"cell differentiation","BP","other biological processes","P","Heated"
"79","Pastreoides19315","GO:0046907",8.42049362511894e-05,6.74873265107234e-15,0.833364855724318,0.557404186567284,0.738712745256034,0.188644497191007,0.0446385194173595,0.0226096956902836,0.996576388645519,4,10,"intracellular transport","BP","transport","P","Heated"
"80","Pastreoides21032","GO:0006260",3.79124203837066e-06,0.000471039439744305,0.00194061680488058,0.604064632224569,0.700901791993267,0.360496193536816,0.853959177484717,0.000145217248072219,0.999973752827265,11,31,"DNA replication","BP","DNA metabolism","P","Heated"
"81","Pastreoides21032","GO:0006260",3.79124203837066e-06,0.000471039439744305,0.00194061680488058,0.604064632224569,0.700901791993267,0.360496193536816,0.853959177484717,0.000145217248072219,0.999973752827265,11,31,"DNA replication","BP","DNA metabolism","P","Heated"
"82","Pastreoides21032","GO:0006260",3.79124203837066e-06,0.000471039439744305,0.00194061680488058,0.604064632224569,0.700901791993267,0.360496193536816,0.853959177484717,0.000145217248072219,0.999973752827265,11,31,"DNA replication","BP","DNA metabolism","P","Heated"
"83","Pastreoides21356","GO:0007010",0.00979592271978374,0.0190510161776954,0.900867301549566,1.33148524638983e-06,0.711446165965038,0.749298354809933,0.996827501289824,0.0387904296092572,0.992565866356159,4,12,"cytoskeleton organization","BP","cell organization and biogenesis","P","Heated"
"84","Pastreoides21571","GO:0006260",0.0345841803997284,0.013715144156792,0.395958533772753,0.877118674410569,0.762480531735189,0.934293314106891,0.832490972100582,0.000145217248072219,0.999973752827265,11,31,"DNA replication","BP","DNA metabolism","P","Heated"
"85","Pastreoides21571","GO:0006260",0.0345841803997284,0.013715144156792,0.395958533772753,0.877118674410569,0.762480531735189,0.934293314106891,0.832490972100582,0.000145217248072219,0.999973752827265,11,31,"DNA replication","BP","DNA metabolism","P","Heated"
"86","Pastreoides21571","GO:0006260",0.0345841803997284,0.013715144156792,0.395958533772753,0.877118674410569,0.762480531735189,0.934293314106891,0.832490972100582,0.000145217248072219,0.999973752827265,11,31,"DNA replication","BP","DNA metabolism","P","Heated"
"87","Pastreoides21571","GO:0044260",0.0345841803997284,0.013715144156792,0.395958533772753,0.877118674410569,0.762480531735189,0.934293314106891,0.832490972100582,0.000506033590939365,0.999939145837097,7,16,"cellular macromolecule metabolic process","BP","other metabolic processes","P","Heated"
"88","Pastreoides21571","GO:0044260",0.0345841803997284,0.013715144156792,0.395958533772753,0.877118674410569,0.762480531735189,0.934293314106891,0.832490972100582,0.000506033590939365,0.999939145837097,7,16,"cellular macromolecule metabolic process","BP","other metabolic processes","P","Heated"
"89","Pastreoides21881","GO:0060548",4.52850889354343e-07,1.14761061835202e-35,0.300272089026388,3.20066070405912e-22,0.927253678640672,0.351649135433114,0.850587233032507,0.0147208203516692,0.997371337381668,5,14,"negative regulation of cell death","BP","death","P","Ambient"
"90","Pastreoides22680","GO:0008152",0.786040058609495,0.000557670772740466,0.404875014556191,0.000934026833743785,0.54408557862854,0.516062606090978,0.849876621439426,0.0222828728270599,0.994524123466535,6,20,"metabolic process","BP","other metabolic processes","P","Ambient"
"91","Pastreoides23158","GO:0030154",1.06935543653751e-27,2.31274947384799e-06,1.25256698179324e-08,0.102237451811516,0.874319933977643,0.930476060675829,0.835940952228689,0.012555941850726,0.995598507432484,11,45,"cell differentiation","BP","other biological processes","P","Heated"
"92","Pastreoides23340","GO:0008542",1.97078405541163e-10,1.23752499888679e-48,0.836675358126182,0.000574564682130794,0.552345956994265,0.917464170388946,0.412769800969407,0.00695064313240474,0.999347424103127,4,8,"visual learning","BP","other biological processes","P","Ambient"
"93","Pastreoides24071","GO:0042552",0.210088554634278,0.00939938577190566,0.712427622440571,0.477078604604832,0.894402317488595,0.0303808566851875,0.910455534363706,0.013853524422758,0.99819900155073,4,10,"myelination","BP","developmental processes","P","Ambient"
"94","Pastreoides24071","GO:0021782",0.210088554634278,0.00939938577190566,0.712427622440571,0.477078604604832,0.894402317488595,0.0303808566851875,0.910455534363706,0.036901945413332,0.995221537247964,3,8,"glial cell development","BP","developmental processes","P","Ambient"
"95","Pastreoides26019","GO:0008542",0.68548826986683,5.78447604366305e-05,0.011074561037004,0.703306327800638,0.239643980818489,0.896638638041952,0.661840646240892,0.00695064313240474,0.999347424103127,4,8,"visual learning","BP","other biological processes","P","Ambient"
"96","Pastreoides26726","GO:0034613",0.868958166890384,0.030623216556776,0.828254712470559,0.793496562210305,0.930040795263652,0.988361384066537,0.631056920609015,0.0289804278843829,0.994945827467658,4,12,"cellular protein localization","BP","other biological processes","P","Ambient"
"97","Pastreoides28399","GO:0015074",4.86493039827212e-37,2.48404520746125e-08,0.00370536721774121,0.00554437327116506,0.000198919878866949,0.0211898196968478,0.832490972100582,3.13779112672838e-06,0.999999674943957,11,23,"DNA integration","BP","DNA metabolism","P","Ambient"
"98","Pastreoides28399","GO:0015074",4.86493039827212e-37,2.48404520746125e-08,0.00370536721774121,0.00554437327116506,0.000198919878866949,0.0211898196968478,0.832490972100582,3.13779112672838e-06,0.999999674943957,11,23,"DNA integration","BP","DNA metabolism","P","Ambient"
"99","Pastreoides28399","GO:0015074",4.86493039827212e-37,2.48404520746125e-08,0.00370536721774121,0.00554437327116506,0.000198919878866949,0.0211898196968478,0.832490972100582,3.13779112672838e-06,0.999999674943957,11,23,"DNA integration","BP","DNA metabolism","P","Ambient"
"100","Pastreoides28399","GO:0006310",4.86493039827212e-37,2.48404520746125e-08,0.00370536721774121,0.00554437327116506,0.000198919878866949,0.0211898196968478,0.832490972100582,0.00888947688063868,0.998247878753016,6,19,"DNA recombination","BP","DNA metabolism","P","Ambient"
"101","Pastreoides28399","GO:0006310",4.86493039827212e-37,2.48404520746125e-08,0.00370536721774121,0.00554437327116506,0.000198919878866949,0.0211898196968478,0.832490972100582,0.00888947688063868,0.998247878753016,6,19,"DNA recombination","BP","DNA metabolism","P","Ambient"
"102","Pastreoides28399","GO:0006310",4.86493039827212e-37,2.48404520746125e-08,0.00370536721774121,0.00554437327116506,0.000198919878866949,0.0211898196968478,0.832490972100582,0.00888947688063868,0.998247878753016,6,19,"DNA recombination","BP","DNA metabolism","P","Ambient"
"103","Pastreoides28894","GO:0008152",3.6618112568958e-55,2.04469749554635e-102,0,4.04285088479803e-108,9.51736829542887e-85,3.03858588733174e-49,1.88497284517619e-21,0.0222828728270599,0.994524123466535,6,20,"metabolic process","BP","other metabolic processes","P","Ambient"
"104","Pastreoides28896","GO:0008152",0.567511106941748,3.12457067870788e-59,0,0,8.12381816835542e-44,3.96611330388521e-28,0.000121721081887748,0.0222828728270599,0.994524123466535,6,20,"metabolic process","BP","other metabolic processes","P","Ambient"
"105","Pastreoides28897","GO:0008152",2.7743047623122e-40,3.60358952671109e-123,0,0,5.4269703932703e-85,1.27290723145092e-32,0.271773013772728,0.0222828728270599,0.994524123466535,6,20,"metabolic process","BP","other metabolic processes","P","Ambient"
"106","Pastreoides31454","GO:0042552",0.181047483757234,0.0237936735675769,0.183102078037599,0.508133428844119,0.851576707997408,0.944018158441501,0.057002351874283,0.013853524422758,0.99819900155073,4,10,"myelination","BP","developmental processes","P","Heated"
"107","Pastreoides33741","GO:0006260",1.09983845371685e-09,0.0162989945724718,3.76089167769782e-07,1.94674165420883e-12,0.77298677045186,0.0147292431300389,0.210413633060334,0.000145217248072219,0.999973752827265,11,31,"DNA replication","BP","DNA metabolism","P","Heated"
"108","Pastreoides33741","GO:0006260",1.09983845371685e-09,0.0162989945724718,3.76089167769782e-07,1.94674165420883e-12,0.77298677045186,0.0147292431300389,0.210413633060334,0.000145217248072219,0.999973752827265,11,31,"DNA replication","BP","DNA metabolism","P","Heated"
"109","Pastreoides33854","GO:0030154",5.63234283002523e-68,0.000198843321817789,0.0757401341836186,3.13095821822686e-30,0.987023669154275,0.731087933156036,0.848715063270279,0.012555941850726,0.995598507432484,11,45,"cell differentiation","BP","other biological processes","P","Ambient"
"110","Pastreoides34313","GO:0030154",0.00369047495976295,1.29327933839036e-05,0.773630651294506,0.0198825524807868,0.656141132178647,0.795910833065729,0.464389866586186,0.012555941850726,0.995598507432484,11,45,"cell differentiation","BP","other biological processes","P","Ambient"
"111","Pastreoides36637","GO:0034613",0.000213060541773627,0.00342269737707435,0.87024894331757,0.000229543163780446,0.612283595261386,0.34218485531614,0.424686065044013,0.0289804278843829,0.994945827467658,4,12,"cellular protein localization","BP","other biological processes","P","Ambient"
"112","Pastreoides37775","GO:0006260",0.250096548052701,0.000932459369992637,0.000970114867102897,0.927384381279555,0.137197051240047,0.845810017967303,0.787971293632557,0.000145217248072219,0.999973752827265,11,31,"DNA replication","BP","DNA metabolism","P","Heated"
"113","Pastreoides37775","GO:0006260",0.250096548052701,0.000932459369992637,0.000970114867102897,0.927384381279555,0.137197051240047,0.845810017967303,0.787971293632557,0.000145217248072219,0.999973752827265,11,31,"DNA replication","BP","DNA metabolism","P","Heated"
"114","Pastreoides37775","GO:0044260",0.250096548052701,0.000932459369992637,0.000970114867102897,0.927384381279555,0.137197051240047,0.845810017967303,0.787971293632557,0.000506033590939365,0.999939145837097,7,16,"cellular macromolecule metabolic process","BP","other metabolic processes","P","Heated"
"115","Pastreoides37775","GO:0044260",0.250096548052701,0.000932459369992637,0.000970114867102897,0.927384381279555,0.137197051240047,0.845810017967303,0.787971293632557,0.000506033590939365,0.999939145837097,7,16,"cellular macromolecule metabolic process","BP","other metabolic processes","P","Heated"
"116","Pastreoides38414","GO:0008542",0.0271608647125485,1.07677869010377e-08,0.255169391213958,0.413134253294902,0.477714315977535,0.888082777910748,0.663566474609545,0.00695064313240474,0.999347424103127,4,8,"visual learning","BP","other biological processes","P","Ambient"
"117","Pastreoides39087","GO:0010506",1.37677129705684e-11,3.18802984641652e-07,0.972751850829973,0.00412705698027491,0.97180456324663,0.433247101636889,0.486006573787124,0.0364915073794947,0.993325186464574,4,11,"regulation of autophagy","BP","other metabolic processes","P","Heated"
"118","Pastreoides40428","GO:0006310",3.52136913332037e-07,3.75202156657947e-11,0.0540975240210403,1.58664914003517e-05,0.248653243970947,0.151121209649196,0.377439528081312,0.00888947688063868,0.998247878753016,6,19,"DNA recombination","BP","DNA metabolism","P","Heated"
"119","Pastreoides40428","GO:0015074",3.52136913332037e-07,3.75202156657947e-11,0.0540975240210403,1.58664914003517e-05,0.248653243970947,0.151121209649196,0.377439528081312,3.13779112672838e-06,0.999999674943957,11,23,"DNA integration","BP","DNA metabolism","P","Heated"
"120","Pastreoides40428","GO:0015074",3.52136913332037e-07,3.75202156657947e-11,0.0540975240210403,1.58664914003517e-05,0.248653243970947,0.151121209649196,0.377439528081312,3.13779112672838e-06,0.999999674943957,11,23,"DNA integration","BP","DNA metabolism","P","Heated"
"121","Pastreoides40428","GO:0006310",3.52136913332037e-07,3.75202156657947e-11,0.0540975240210403,1.58664914003517e-05,0.248653243970947,0.151121209649196,0.377439528081312,0.00888947688063868,0.998247878753016,6,19,"DNA recombination","BP","DNA metabolism","P","Heated"
"122","Pastreoides46362","GO:0007010",0.480564028099601,0.0197247364142818,0.824442242341527,0.466849501272629,0.983167946156632,0.491501237223651,0.848141018763128,0.0387904296092572,0.992565866356159,4,12,"cytoskeleton organization","BP","cell organization and biogenesis","P","Heated"
"123","Pastreoides46362","GO:0030154",0.480564028099601,0.0197247364142818,0.824442242341527,0.466849501272629,0.983167946156632,0.491501237223651,0.848141018763128,0.012555941850726,0.995598507432484,11,45,"cell differentiation","BP","other biological processes","P","Heated"
"124","Pastreoides47626","GO:0009263",1.53646666654193e-68,1.23431576546217e-05,1.06024871302094e-13,0.244210288166524,0.72144763664556,0.845252802628202,0.821757780483518,0.0347509439225041,0.995607541304222,3,8,"deoxyribonucleotide biosynthetic process","BP","other metabolic processes","P","Heated"
"125","Pastreoides47626","GO:0009263",1.53646666654193e-68,1.23431576546217e-05,1.06024871302094e-13,0.244210288166524,0.72144763664556,0.845252802628202,0.821757780483518,0.0347509439225041,0.995607541304222,3,8,"deoxyribonucleotide biosynthetic process","BP","other metabolic processes","P","Heated"
"126","Pastreoides47627","GO:0009263",9.4032645035381e-74,1.9281024239308e-22,6.37044846914834e-39,1.35152776360905e-05,5.89062483061552e-08,0.073766842180186,0.600549015657336,0.0347509439225041,0.995607541304222,3,8,"deoxyribonucleotide biosynthetic process","BP","other metabolic processes","P","Heated"
"127","Pastreoides47627","GO:0009263",9.4032645035381e-74,1.9281024239308e-22,6.37044846914834e-39,1.35152776360905e-05,5.89062483061552e-08,0.073766842180186,0.600549015657336,0.0347509439225041,0.995607541304222,3,8,"deoxyribonucleotide biosynthetic process","BP","other metabolic processes","P","Heated"
"128","Pastreoides47627","GO:0009263",9.4032645035381e-74,1.9281024239308e-22,6.37044846914834e-39,1.35152776360905e-05,5.89062483061552e-08,0.073766842180186,0.600549015657336,0.0347509439225041,0.995607541304222,3,8,"deoxyribonucleotide biosynthetic process","BP","other metabolic processes","P","Heated"
"129","Pastreoides49046","GO:0015074",1.43327035110833e-86,9.55318148418319e-12,1.07906960979069e-41,5.85713439264749e-23,0.979225049557765,0.484970000063677,0.5047455370425,3.13779112672838e-06,0.999999674943957,11,23,"DNA integration","BP","DNA metabolism","P","Ambient"
"130","Pastreoides49046","GO:0015074",1.43327035110833e-86,9.55318148418319e-12,1.07906960979069e-41,5.85713439264749e-23,0.979225049557765,0.484970000063677,0.5047455370425,3.13779112672838e-06,0.999999674943957,11,23,"DNA integration","BP","DNA metabolism","P","Ambient"
"131","Pastreoides49184","GO:0015074",1.07087606386866e-47,6.3753716549054e-23,0.0449875716746968,0.000984909466635171,0.830942346006611,0.703156488845633,0.333801438492573,3.13779112672838e-06,0.999999674943957,11,23,"DNA integration","BP","DNA metabolism","P","Ambient"
"132","Pastreoides49184","GO:0015074",1.07087606386866e-47,6.3753716549054e-23,0.0449875716746968,0.000984909466635171,0.830942346006611,0.703156488845633,0.333801438492573,3.13779112672838e-06,0.999999674943957,11,23,"DNA integration","BP","DNA metabolism","P","Ambient"
"133","Pastreoides49184","GO:0044260",1.07087606386866e-47,6.3753716549054e-23,0.0449875716746968,0.000984909466635171,0.830942346006611,0.703156488845633,0.333801438492573,0.000506033590939365,0.999939145837097,7,16,"cellular macromolecule metabolic process","BP","other metabolic processes","P","Ambient"
"134","Pastreoides49184","GO:0044260",1.07087606386866e-47,6.3753716549054e-23,0.0449875716746968,0.000984909466635171,0.830942346006611,0.703156488845633,0.333801438492573,0.000506033590939365,0.999939145837097,7,16,"cellular macromolecule metabolic process","BP","other metabolic processes","P","Ambient"
"135","Pastreoides52987","GO:0015074",4.24099707941423e-26,0.00150594881799312,0.235559208290431,9.07978841970579e-06,0.0108083820197855,0.570057732121473,0.621818274717247,3.13779112672838e-06,0.999999674943957,11,23,"DNA integration","BP","DNA metabolism","P","Heated"
"136","Pastreoides54268","GO:0006260",2.59471996729472e-16,0.019486324949037,2.98503682323303e-35,7.58154219010325e-11,0.120704444947586,0.0705357516621794,1,0.000145217248072219,0.999973752827265,11,31,"DNA replication","BP","DNA metabolism","P","Ambient"
"137","Pastreoides54268","GO:0006260",2.59471996729472e-16,0.019486324949037,2.98503682323303e-35,7.58154219010325e-11,0.120704444947586,0.0705357516621794,1,0.000145217248072219,0.999973752827265,11,31,"DNA replication","BP","DNA metabolism","P","Ambient"
"138","Pastreoides54268","GO:0006260",2.59471996729472e-16,0.019486324949037,2.98503682323303e-35,7.58154219010325e-11,0.120704444947586,0.0705357516621794,1,0.000145217248072219,0.999973752827265,11,31,"DNA replication","BP","DNA metabolism","P","Ambient"
"139","Pastreoides56760","GO:0042552",7.42623676508742e-72,1.16626610809864e-36,1.20548854653743e-12,5.10000203245984e-08,0.834789943209242,8.25584686878077e-05,0.944882199510928,0.013853524422758,0.99819900155073,4,10,"myelination","BP","developmental processes","P","Heated"
"140","Pastreoides57974","GO:0008152",9.16263669547083e-118,7.29051004064905e-75,0,0,0.00565050983356822,6.47951991064559e-14,6.27595080957338e-56,0.0222828728270599,0.994524123466535,6,20,"metabolic process","BP","other metabolic processes","P","Heated"
"141","Pastreoides60210","GO:0015074",8.87944446781549e-08,5.74521558143387e-27,1.17336689285059e-11,1.84903771031263e-09,0.989967151080204,0.0303808566851875,0.621818274717247,3.13779112672838e-06,0.999999674943957,11,23,"DNA integration","BP","DNA metabolism","P","Ambient"
"142","Pastreoides60210","GO:0015074",8.87944446781549e-08,5.74521558143387e-27,1.17336689285059e-11,1.84903771031263e-09,0.989967151080204,0.0303808566851875,0.621818274717247,3.13779112672838e-06,0.999999674943957,11,23,"DNA integration","BP","DNA metabolism","P","Ambient"
"143","Pastreoides61956","GO:0046907",0.583454679195867,0.00127039629817209,0.0810127615765465,0.260402195998326,0.750576946459982,0.105878029903194,0.848141018763128,0.0226096956902836,0.996576388645519,4,10,"intracellular transport","BP","transport","P","Heated"
